Year,Zone,Sex,Age Group,Population,Prevalence,Crude Prevalence Rate
01/01/2000 12:00:00 AM,Central,F,0 to 9,20520,2229,10.86
01/01/2000 12:00:00 AM,Central,F,10 to 19,23171,2883,12.44
01/01/2000 12:00:00 AM,Central,F,20 to 29,23475,2103,8.96
01/01/2000 12:00:00 AM,Central,F,30 to 39,29410,1995,6.78
01/01/2000 12:00:00 AM,Central,F,40 to 49,29328,2151,7.33
01/01/2000 12:00:00 AM,Central,F,50 to 59,21582,1722,7.98
01/01/2000 12:00:00 AM,Central,F,60 to 69,13577,966,7.11
01/01/2000 12:00:00 AM,Central,F,70 to 79,11175,764,6.84
01/01/2000 12:00:00 AM,Central,F,80 +,7973,434,5.44
01/01/2000 12:00:00 AM,Central,M,0 to 9,21025,3130,14.89
01/01/2000 12:00:00 AM,Central,M,10 to 19,24205,3563,14.72
01/01/2000 12:00:00 AM,Central,M,20 to 29,22118,1177,5.32
01/01/2000 12:00:00 AM,Central,M,30 to 39,26849,996,3.71
01/01/2000 12:00:00 AM,Central,M,40 to 49,27221,970,3.56
01/01/2000 12:00:00 AM,Central,M,50 to 59,20608,760,3.69
01/01/2000 12:00:00 AM,Central,M,60 to 69,12718,550,4.32
01/01/2000 12:00:00 AM,Central,M,70 to 79,8289,374,4.51
01/01/2000 12:00:00 AM,Central,M,80 +,3798,183,4.82
01/01/2000 12:00:00 AM,Eastern,F,0 to 9,7937,828,10.43
01/01/2000 12:00:00 AM,Eastern,F,10 to 19,8077,772,9.56
01/01/2000 12:00:00 AM,Eastern,F,20 to 29,8569,531,6.2
01/01/2000 12:00:00 AM,Eastern,F,30 to 39,11131,502,4.51
01/01/2000 12:00:00 AM,Eastern,F,40 to 49,13870,672,4.84
01/01/2000 12:00:00 AM,Eastern,F,50 to 59,11414,631,5.53
01/01/2000 12:00:00 AM,Eastern,F,60 to 69,7950,428,5.38
01/01/2000 12:00:00 AM,Eastern,F,70 to 79,6336,319,5.03
01/01/2000 12:00:00 AM,Eastern,F,80 +,5273,235,4.46
01/01/2000 12:00:00 AM,Eastern,M,0 to 9,8385,1203,14.35
01/01/2000 12:00:00 AM,Eastern,M,10 to 19,8791,1047,11.91
01/01/2000 12:00:00 AM,Eastern,M,20 to 29,8517,344,4.04
01/01/2000 12:00:00 AM,Eastern,M,30 to 39,10854,272,2.51
01/01/2000 12:00:00 AM,Eastern,M,40 to 49,13629,350,2.57
01/01/2000 12:00:00 AM,Eastern,M,50 to 59,11828,317,2.68
01/01/2000 12:00:00 AM,Eastern,M,60 to 69,7718,252,3.27
01/01/2000 12:00:00 AM,Eastern,M,70 to 79,5072,197,3.88
01/01/2000 12:00:00 AM,Eastern,M,80 +,2706,101,3.73
01/01/2000 12:00:00 AM,Northern,F,0 to 9,7445,700,9.4
01/01/2000 12:00:00 AM,Northern,F,10 to 19,7639,811,10.62
01/01/2000 12:00:00 AM,Northern,F,20 to 29,8460,636,7.52
01/01/2000 12:00:00 AM,Northern,F,30 to 39,10816,598,5.53
01/01/2000 12:00:00 AM,Northern,F,40 to 49,12084,701,5.8
01/01/2000 12:00:00 AM,Northern,F,50 to 59,9758,610,6.25
01/01/2000 12:00:00 AM,Northern,F,60 to 69,6507,388,5.96
01/01/2000 12:00:00 AM,Northern,F,70 to 79,5545,285,5.14
01/01/2000 12:00:00 AM,Northern,F,80 +,4436,212,4.78
01/01/2000 12:00:00 AM,Northern,M,0 to 9,8156,1118,13.71
01/01/2000 12:00:00 AM,Northern,M,10 to 19,8081,932,11.53
01/01/2000 12:00:00 AM,Northern,M,20 to 29,8313,367,4.41
01/01/2000 12:00:00 AM,Northern,M,30 to 39,10497,319,3.04
01/01/2000 12:00:00 AM,Northern,M,40 to 49,11934,349,2.92
01/01/2000 12:00:00 AM,Northern,M,50 to 59,10018,284,2.83
01/01/2000 12:00:00 AM,Northern,M,60 to 69,6371,217,3.41
01/01/2000 12:00:00 AM,Northern,M,70 to 79,4332,185,4.27
01/01/2000 12:00:00 AM,Northern,M,80 +,2220,100,4.5
01/01/2000 12:00:00 AM,Unknown,F,0 to 9,8833,801,9.07
01/01/2000 12:00:00 AM,Unknown,F,10 to 19,14243,1472,10.33
01/01/2000 12:00:00 AM,Unknown,F,20 to 29,12660,828,6.54
01/01/2000 12:00:00 AM,Unknown,F,30 to 39,10151,530,5.22
01/01/2000 12:00:00 AM,Unknown,F,40 to 49,7285,409,5.61
01/01/2000 12:00:00 AM,Unknown,F,50 to 59,4797,274,5.71
01/01/2000 12:00:00 AM,Unknown,F,60 to 69,2886,161,5.58
01/01/2000 12:00:00 AM,Unknown,F,70 to 79,2244,122,5.44
01/01/2000 12:00:00 AM,Unknown,F,80 +,1639,67,4.09
01/01/2000 12:00:00 AM,Unknown,M,0 to 9,8586,1144,13.32
01/01/2000 12:00:00 AM,Unknown,M,10 to 19,14489,1684,11.62
01/01/2000 12:00:00 AM,Unknown,M,20 to 29,12458,545,4.37
01/01/2000 12:00:00 AM,Unknown,M,30 to 39,9211,239,2.59
01/01/2000 12:00:00 AM,Unknown,M,40 to 49,6814,176,2.58
01/01/2000 12:00:00 AM,Unknown,M,50 to 59,4584,131,2.86
01/01/2000 12:00:00 AM,Unknown,M,60 to 69,2738,111,4.05
01/01/2000 12:00:00 AM,Unknown,M,70 to 79,1606,57,3.55
01/01/2000 12:00:00 AM,Unknown,M,80 +,805,36,4.47
01/01/2000 12:00:00 AM,Western,F,0 to 9,9158,836,9.13
01/01/2000 12:00:00 AM,Western,F,10 to 19,9597,997,10.39
01/01/2000 12:00:00 AM,Western,F,20 to 29,10324,768,7.44
01/01/2000 12:00:00 AM,Western,F,30 to 39,14307,859,6
01/01/2000 12:00:00 AM,Western,F,40 to 49,16498,938,5.69
01/01/2000 12:00:00 AM,Western,F,50 to 59,13854,847,6.11
01/01/2000 12:00:00 AM,Western,F,60 to 69,9392,556,5.92
01/01/2000 12:00:00 AM,Western,F,70 to 79,7542,438,5.81
01/01/2000 12:00:00 AM,Western,F,80 +,6034,258,4.28
01/01/2000 12:00:00 AM,Western,M,0 to 9,9998,1296,12.96
01/01/2000 12:00:00 AM,Western,M,10 to 19,10073,1170,11.62
01/01/2000 12:00:00 AM,Western,M,20 to 29,10216,409,4
01/01/2000 12:00:00 AM,Western,M,30 to 39,13831,457,3.3
01/01/2000 12:00:00 AM,Western,M,40 to 49,15993,482,3.01
01/01/2000 12:00:00 AM,Western,M,50 to 59,13771,446,3.24
01/01/2000 12:00:00 AM,Western,M,60 to 69,9321,340,3.65
01/01/2000 12:00:00 AM,Western,M,70 to 79,6367,286,4.49
01/01/2000 12:00:00 AM,Western,M,80 +,3440,153,4.45
01/01/2001 12:00:00 AM,Central,F,0 to 9,20080,2173,10.82
01/01/2001 12:00:00 AM,Central,F,10 to 19,23519,3225,13.71
01/01/2001 12:00:00 AM,Central,F,20 to 29,23533,2304,9.79
01/01/2001 12:00:00 AM,Central,F,30 to 39,29177,2191,7.51
01/01/2001 12:00:00 AM,Central,F,40 to 49,30288,2453,8.1
01/01/2001 12:00:00 AM,Central,F,50 to 59,22571,1964,8.7
01/01/2001 12:00:00 AM,Central,F,60 to 69,13941,1109,7.95
01/01/2001 12:00:00 AM,Central,F,70 to 79,11226,841,7.49
01/01/2001 12:00:00 AM,Central,F,80 +,8302,488,5.88
01/01/2001 12:00:00 AM,Central,M,0 to 9,20697,3156,15.25
01/01/2001 12:00:00 AM,Central,M,10 to 19,24567,4044,16.46
01/01/2001 12:00:00 AM,Central,M,20 to 29,22276,1395,6.26
01/01/2001 12:00:00 AM,Central,M,30 to 39,26681,1099,4.12
01/01/2001 12:00:00 AM,Central,M,40 to 49,28299,1132,4
01/01/2001 12:00:00 AM,Central,M,50 to 59,21391,882,4.12
01/01/2001 12:00:00 AM,Central,M,60 to 69,13065,600,4.59
01/01/2001 12:00:00 AM,Central,M,70 to 79,8454,424,5.02
01/01/2001 12:00:00 AM,Central,M,80 +,4085,201,4.92
01/01/2001 12:00:00 AM,Eastern,F,0 to 9,7900,815,10.32
01/01/2001 12:00:00 AM,Eastern,F,10 to 19,8044,901,11.2
01/01/2001 12:00:00 AM,Eastern,F,20 to 29,8406,581,6.91
01/01/2001 12:00:00 AM,Eastern,F,30 to 39,10821,539,4.98
01/01/2001 12:00:00 AM,Eastern,F,40 to 49,13904,732,5.26
01/01/2001 12:00:00 AM,Eastern,F,50 to 59,11806,740,6.27
01/01/2001 12:00:00 AM,Eastern,F,60 to 69,8076,457,5.66
01/01/2001 12:00:00 AM,Eastern,F,70 to 79,6309,346,5.48
01/01/2001 12:00:00 AM,Eastern,F,80 +,5382,259,4.81
01/01/2001 12:00:00 AM,Eastern,M,0 to 9,8269,1214,14.68
01/01/2001 12:00:00 AM,Eastern,M,10 to 19,8846,1217,13.76
01/01/2001 12:00:00 AM,Eastern,M,20 to 29,8334,397,4.76
01/01/2001 12:00:00 AM,Eastern,M,30 to 39,10551,292,2.77
01/01/2001 12:00:00 AM,Eastern,M,40 to 49,13608,376,2.76
01/01/2001 12:00:00 AM,Eastern,M,50 to 59,12161,374,3.08
01/01/2001 12:00:00 AM,Eastern,M,60 to 69,7872,266,3.38
01/01/2001 12:00:00 AM,Eastern,M,70 to 79,5139,224,4.36
01/01/2001 12:00:00 AM,Eastern,M,80 +,2734,108,3.95
01/01/2001 12:00:00 AM,Northern,F,0 to 9,7445,696,9.35
01/01/2001 12:00:00 AM,Northern,F,10 to 19,7629,905,11.86
01/01/2001 12:00:00 AM,Northern,F,20 to 29,8286,708,8.54
01/01/2001 12:00:00 AM,Northern,F,30 to 39,10577,656,6.2
01/01/2001 12:00:00 AM,Northern,F,40 to 49,12314,804,6.53
01/01/2001 12:00:00 AM,Northern,F,50 to 59,10070,673,6.68
01/01/2001 12:00:00 AM,Northern,F,60 to 69,6655,436,6.55
01/01/2001 12:00:00 AM,Northern,F,70 to 79,5511,324,5.88
01/01/2001 12:00:00 AM,Northern,F,80 +,4554,225,4.94
01/01/2001 12:00:00 AM,Northern,M,0 to 9,8114,1111,13.69
01/01/2001 12:00:00 AM,Northern,M,10 to 19,8125,1089,13.4
01/01/2001 12:00:00 AM,Northern,M,20 to 29,8113,409,5.04
01/01/2001 12:00:00 AM,Northern,M,30 to 39,10363,346,3.34
01/01/2001 12:00:00 AM,Northern,M,40 to 49,12008,395,3.29
01/01/2001 12:00:00 AM,Northern,M,50 to 59,10388,332,3.2
01/01/2001 12:00:00 AM,Northern,M,60 to 69,6522,218,3.34
01/01/2001 12:00:00 AM,Northern,M,70 to 79,4370,190,4.35
01/01/2001 12:00:00 AM,Northern,M,80 +,2323,115,4.95
01/01/2001 12:00:00 AM,Unknown,F,0 to 9,7809,707,9.05
01/01/2001 12:00:00 AM,Unknown,F,10 to 19,13819,1571,11.37
01/01/2001 12:00:00 AM,Unknown,F,20 to 29,12168,884,7.26
01/01/2001 12:00:00 AM,Unknown,F,30 to 39,9849,561,5.7
01/01/2001 12:00:00 AM,Unknown,F,40 to 49,7224,438,6.06
01/01/2001 12:00:00 AM,Unknown,F,50 to 59,4862,312,6.42
01/01/2001 12:00:00 AM,Unknown,F,60 to 69,2846,176,6.18
01/01/2001 12:00:00 AM,Unknown,F,70 to 79,2208,124,5.62
01/01/2001 12:00:00 AM,Unknown,F,80 +,1638,79,4.82
01/01/2001 12:00:00 AM,Unknown,M,0 to 9,7752,980,12.64
01/01/2001 12:00:00 AM,Unknown,M,10 to 19,13808,1846,13.37
01/01/2001 12:00:00 AM,Unknown,M,20 to 29,12169,574,4.72
01/01/2001 12:00:00 AM,Unknown,M,30 to 39,9012,253,2.81
01/01/2001 12:00:00 AM,Unknown,M,40 to 49,6831,190,2.78
01/01/2001 12:00:00 AM,Unknown,M,50 to 59,4661,138,2.96
01/01/2001 12:00:00 AM,Unknown,M,60 to 69,2751,118,4.29
01/01/2001 12:00:00 AM,Unknown,M,70 to 79,1565,59,3.77
01/01/2001 12:00:00 AM,Unknown,M,80 +,791,42,5.31
01/01/2001 12:00:00 AM,Western,F,0 to 9,9205,822,8.93
01/01/2001 12:00:00 AM,Western,F,10 to 19,9577,1123,11.73
01/01/2001 12:00:00 AM,Western,F,20 to 29,10088,845,8.38
01/01/2001 12:00:00 AM,Western,F,30 to 39,13901,893,6.42
01/01/2001 12:00:00 AM,Western,F,40 to 49,16752,1052,6.28
01/01/2001 12:00:00 AM,Western,F,50 to 59,14302,984,6.88
01/01/2001 12:00:00 AM,Western,F,60 to 69,9580,598,6.24
01/01/2001 12:00:00 AM,Western,F,70 to 79,7548,475,6.29
01/01/2001 12:00:00 AM,Western,F,80 +,6201,300,4.84
01/01/2001 12:00:00 AM,Western,M,0 to 9,9901,1307,13.2
01/01/2001 12:00:00 AM,Western,M,10 to 19,10127,1381,13.64
01/01/2001 12:00:00 AM,Western,M,20 to 29,10038,460,4.58
01/01/2001 12:00:00 AM,Western,M,30 to 39,13346,501,3.75
01/01/2001 12:00:00 AM,Western,M,40 to 49,16202,541,3.34
01/01/2001 12:00:00 AM,Western,M,50 to 59,14237,509,3.58
01/01/2001 12:00:00 AM,Western,M,60 to 69,9581,390,4.07
01/01/2001 12:00:00 AM,Western,M,70 to 79,6431,288,4.48
01/01/2001 12:00:00 AM,Western,M,80 +,3524,184,5.22
01/01/2002 12:00:00 AM,Central,F,0 to 9,19774,2109,10.67
01/01/2002 12:00:00 AM,Central,F,10 to 19,23672,3589,15.16
01/01/2002 12:00:00 AM,Central,F,20 to 29,23760,2549,10.73
01/01/2002 12:00:00 AM,Central,F,30 to 39,28856,2333,8.08
01/01/2002 12:00:00 AM,Central,F,40 to 49,31289,2742,8.76
01/01/2002 12:00:00 AM,Central,F,50 to 59,23449,2174,9.27
01/01/2002 12:00:00 AM,Central,F,60 to 69,14443,1296,8.97
01/01/2002 12:00:00 AM,Central,F,70 to 79,11242,881,7.84
01/01/2002 12:00:00 AM,Central,F,80 +,8555,540,6.31
01/01/2002 12:00:00 AM,Central,M,0 to 9,20340,3099,15.24
01/01/2002 12:00:00 AM,Central,M,10 to 19,24795,4490,18.11
01/01/2002 12:00:00 AM,Central,M,20 to 29,22578,1581,7
01/01/2002 12:00:00 AM,Central,M,30 to 39,26319,1206,4.58
01/01/2002 12:00:00 AM,Central,M,40 to 49,29334,1257,4.29
01/01/2002 12:00:00 AM,Central,M,50 to 59,22282,1010,4.53
01/01/2002 12:00:00 AM,Central,M,60 to 69,13524,653,4.83
01/01/2002 12:00:00 AM,Central,M,70 to 79,8663,454,5.24
01/01/2002 12:00:00 AM,Central,M,80 +,4268,226,5.3
01/01/2002 12:00:00 AM,Eastern,F,0 to 9,7764,797,10.27
01/01/2002 12:00:00 AM,Eastern,F,10 to 19,8085,1000,12.37
01/01/2002 12:00:00 AM,Eastern,F,20 to 29,8278,635,7.67
01/01/2002 12:00:00 AM,Eastern,F,30 to 39,10419,581,5.58
01/01/2002 12:00:00 AM,Eastern,F,40 to 49,13969,766,5.48
01/01/2002 12:00:00 AM,Eastern,F,50 to 59,12189,808,6.63
01/01/2002 12:00:00 AM,Eastern,F,60 to 69,8274,511,6.18
01/01/2002 12:00:00 AM,Eastern,F,70 to 79,6318,375,5.94
01/01/2002 12:00:00 AM,Eastern,F,80 +,5448,272,4.99
01/01/2002 12:00:00 AM,Eastern,M,0 to 9,8166,1186,14.52
01/01/2002 12:00:00 AM,Eastern,M,10 to 19,8849,1409,15.92
01/01/2002 12:00:00 AM,Eastern,M,20 to 29,8302,458,5.52
01/01/2002 12:00:00 AM,Eastern,M,30 to 39,10177,304,2.99
01/01/2002 12:00:00 AM,Eastern,M,40 to 49,13537,425,3.14
01/01/2002 12:00:00 AM,Eastern,M,50 to 59,12528,394,3.14
01/01/2002 12:00:00 AM,Eastern,M,60 to 69,8112,302,3.72
01/01/2002 12:00:00 AM,Eastern,M,70 to 79,5208,226,4.34
01/01/2002 12:00:00 AM,Eastern,M,80 +,2738,115,4.2
01/01/2002 12:00:00 AM,Northern,F,0 to 9,7393,701,9.48
01/01/2002 12:00:00 AM,Northern,F,10 to 19,7657,1002,13.09
01/01/2002 12:00:00 AM,Northern,F,20 to 29,8154,747,9.16
01/01/2002 12:00:00 AM,Northern,F,30 to 39,10312,726,7.04
01/01/2002 12:00:00 AM,Northern,F,40 to 49,12446,883,7.09
01/01/2002 12:00:00 AM,Northern,F,50 to 59,10377,770,7.42
01/01/2002 12:00:00 AM,Northern,F,60 to 69,6888,487,7.07
01/01/2002 12:00:00 AM,Northern,F,70 to 79,5522,356,6.45
01/01/2002 12:00:00 AM,Northern,F,80 +,4608,237,5.14
01/01/2002 12:00:00 AM,Northern,M,0 to 9,8015,1115,13.91
01/01/2002 12:00:00 AM,Northern,M,10 to 19,8181,1235,15.1
01/01/2002 12:00:00 AM,Northern,M,20 to 29,7968,453,5.69
01/01/2002 12:00:00 AM,Northern,M,30 to 39,10194,355,3.48
01/01/2002 12:00:00 AM,Northern,M,40 to 49,12069,460,3.81
01/01/2002 12:00:00 AM,Northern,M,50 to 59,10630,359,3.38
01/01/2002 12:00:00 AM,Northern,M,60 to 69,6819,249,3.65
01/01/2002 12:00:00 AM,Northern,M,70 to 79,4435,198,4.46
01/01/2002 12:00:00 AM,Northern,M,80 +,2382,110,4.62
01/01/2002 12:00:00 AM,Unknown,F,0 to 9,7076,631,8.92
01/01/2002 12:00:00 AM,Unknown,F,10 to 19,13291,1643,12.36
01/01/2002 12:00:00 AM,Unknown,F,20 to 29,11948,924,7.73
01/01/2002 12:00:00 AM,Unknown,F,30 to 39,9497,559,5.89
01/01/2002 12:00:00 AM,Unknown,F,40 to 49,7259,464,6.39
01/01/2002 12:00:00 AM,Unknown,F,50 to 59,4964,341,6.87
01/01/2002 12:00:00 AM,Unknown,F,60 to 69,2895,189,6.53
01/01/2002 12:00:00 AM,Unknown,F,70 to 79,2091,113,5.4
01/01/2002 12:00:00 AM,Unknown,F,80 +,1647,91,5.53
01/01/2002 12:00:00 AM,Unknown,M,0 to 9,6947,844,12.15
01/01/2002 12:00:00 AM,Unknown,M,10 to 19,13173,1912,14.51
01/01/2002 12:00:00 AM,Unknown,M,20 to 29,11909,662,5.56
01/01/2002 12:00:00 AM,Unknown,M,30 to 39,8812,267,3.03
01/01/2002 12:00:00 AM,Unknown,M,40 to 49,6876,216,3.14
01/01/2002 12:00:00 AM,Unknown,M,50 to 59,4662,139,2.98
01/01/2002 12:00:00 AM,Unknown,M,60 to 69,2790,125,4.48
01/01/2002 12:00:00 AM,Unknown,M,70 to 79,1547,66,4.27
01/01/2002 12:00:00 AM,Unknown,M,80 +,808,38,4.7
01/01/2002 12:00:00 AM,Western,F,0 to 9,9105,800,8.79
01/01/2002 12:00:00 AM,Western,F,10 to 19,9606,1250,13.01
01/01/2002 12:00:00 AM,Western,F,20 to 29,9945,929,9.34
01/01/2002 12:00:00 AM,Western,F,30 to 39,13432,950,7.07
01/01/2002 12:00:00 AM,Western,F,40 to 49,16952,1172,6.91
01/01/2002 12:00:00 AM,Western,F,50 to 59,14674,1098,7.48
01/01/2002 12:00:00 AM,Western,F,60 to 69,9925,678,6.83
01/01/2002 12:00:00 AM,Western,F,70 to 79,7587,512,6.75
01/01/2002 12:00:00 AM,Western,F,80 +,6292,336,5.34
01/01/2002 12:00:00 AM,Western,M,0 to 9,9779,1278,13.07
01/01/2002 12:00:00 AM,Western,M,10 to 19,10217,1591,15.57
01/01/2002 12:00:00 AM,Western,M,20 to 29,9871,503,5.1
01/01/2002 12:00:00 AM,Western,M,30 to 39,12969,532,4.1
01/01/2002 12:00:00 AM,Western,M,40 to 49,16389,582,3.55
01/01/2002 12:00:00 AM,Western,M,50 to 59,14601,555,3.8
01/01/2002 12:00:00 AM,Western,M,60 to 69,9894,435,4.4
01/01/2002 12:00:00 AM,Western,M,70 to 79,6480,307,4.74
01/01/2002 12:00:00 AM,Western,M,80 +,3627,195,5.38
01/01/2003 12:00:00 AM,Central,F,0 to 9,19489,2002,10.27
01/01/2003 12:00:00 AM,Central,F,10 to 19,23903,3918,16.39
01/01/2003 12:00:00 AM,Central,F,20 to 29,24009,2754,11.47
01/01/2003 12:00:00 AM,Central,F,30 to 39,28577,2456,8.59
01/01/2003 12:00:00 AM,Central,F,40 to 49,32038,3027,9.45
01/01/2003 12:00:00 AM,Central,F,50 to 59,24468,2417,9.88
01/01/2003 12:00:00 AM,Central,F,60 to 69,14963,1424,9.52
01/01/2003 12:00:00 AM,Central,F,70 to 79,11307,920,8.14
01/01/2003 12:00:00 AM,Central,F,80 +,8796,588,6.68
01/01/2003 12:00:00 AM,Central,M,0 to 9,20083,3027,15.07
01/01/2003 12:00:00 AM,Central,M,10 to 19,24984,4938,19.76
01/01/2003 12:00:00 AM,Central,M,20 to 29,23124,1802,7.79
01/01/2003 12:00:00 AM,Central,M,30 to 39,25977,1300,5
01/01/2003 12:00:00 AM,Central,M,40 to 49,30228,1406,4.65
01/01/2003 12:00:00 AM,Central,M,50 to 59,23194,1090,4.7
01/01/2003 12:00:00 AM,Central,M,60 to 69,14068,739,5.25
01/01/2003 12:00:00 AM,Central,M,70 to 79,8821,475,5.38
01/01/2003 12:00:00 AM,Central,M,80 +,4392,236,5.37
01/01/2003 12:00:00 AM,Eastern,F,0 to 9,7635,769,10.07
01/01/2003 12:00:00 AM,Eastern,F,10 to 19,8150,1146,14.06
01/01/2003 12:00:00 AM,Eastern,F,20 to 29,8227,669,8.13
01/01/2003 12:00:00 AM,Eastern,F,30 to 39,10105,628,6.21
01/01/2003 12:00:00 AM,Eastern,F,40 to 49,13874,821,5.92
01/01/2003 12:00:00 AM,Eastern,F,50 to 59,12510,873,6.98
01/01/2003 12:00:00 AM,Eastern,F,60 to 69,8505,570,6.7
01/01/2003 12:00:00 AM,Eastern,F,70 to 79,6344,384,6.05
01/01/2003 12:00:00 AM,Eastern,F,80 +,5440,291,5.35
01/01/2003 12:00:00 AM,Eastern,M,0 to 9,8117,1188,14.64
01/01/2003 12:00:00 AM,Eastern,M,10 to 19,8825,1535,17.39
01/01/2003 12:00:00 AM,Eastern,M,20 to 29,8365,518,6.19
01/01/2003 12:00:00 AM,Eastern,M,30 to 39,9881,339,3.43
01/01/2003 12:00:00 AM,Eastern,M,40 to 49,13370,442,3.31
01/01/2003 12:00:00 AM,Eastern,M,50 to 59,12903,448,3.47
01/01/2003 12:00:00 AM,Eastern,M,60 to 69,8418,323,3.84
01/01/2003 12:00:00 AM,Eastern,M,70 to 79,5186,216,4.17
01/01/2003 12:00:00 AM,Eastern,M,80 +,2793,119,4.26
01/01/2003 12:00:00 AM,Northern,F,0 to 9,7413,710,9.58
01/01/2003 12:00:00 AM,Northern,F,10 to 19,7667,1070,13.96
01/01/2003 12:00:00 AM,Northern,F,20 to 29,8056,817,10.14
01/01/2003 12:00:00 AM,Northern,F,30 to 39,10142,787,7.76
01/01/2003 12:00:00 AM,Northern,F,40 to 49,12463,951,7.63
01/01/2003 12:00:00 AM,Northern,F,50 to 59,10797,873,8.09
01/01/2003 12:00:00 AM,Northern,F,60 to 69,7121,536,7.53
01/01/2003 12:00:00 AM,Northern,F,70 to 79,5523,386,6.99
01/01/2003 12:00:00 AM,Northern,F,80 +,4623,252,5.45
01/01/2003 12:00:00 AM,Northern,M,0 to 9,7938,1168,14.71
01/01/2003 12:00:00 AM,Northern,M,10 to 19,8206,1367,16.66
01/01/2003 12:00:00 AM,Northern,M,20 to 29,7969,512,6.42
01/01/2003 12:00:00 AM,Northern,M,30 to 39,9905,376,3.8
01/01/2003 12:00:00 AM,Northern,M,40 to 49,12166,487,4
01/01/2003 12:00:00 AM,Northern,M,50 to 59,10946,405,3.7
01/01/2003 12:00:00 AM,Northern,M,60 to 69,7112,267,3.75
01/01/2003 12:00:00 AM,Northern,M,70 to 79,4510,203,4.5
01/01/2003 12:00:00 AM,Northern,M,80 +,2398,123,5.13
01/01/2003 12:00:00 AM,Unknown,F,0 to 9,6345,524,8.26
01/01/2003 12:00:00 AM,Unknown,F,10 to 19,12671,1673,13.2
01/01/2003 12:00:00 AM,Unknown,F,20 to 29,12041,1009,8.38
01/01/2003 12:00:00 AM,Unknown,F,30 to 39,9096,564,6.2
01/01/2003 12:00:00 AM,Unknown,F,40 to 49,7260,486,6.69
01/01/2003 12:00:00 AM,Unknown,F,50 to 59,5053,357,7.07
01/01/2003 12:00:00 AM,Unknown,F,60 to 69,2966,208,7.01
01/01/2003 12:00:00 AM,Unknown,F,70 to 79,2021,122,6.04
01/01/2003 12:00:00 AM,Unknown,F,80 +,1620,89,5.49
01/01/2003 12:00:00 AM,Unknown,M,0 to 9,6325,739,11.68
01/01/2003 12:00:00 AM,Unknown,M,10 to 19,12380,1976,15.96
01/01/2003 12:00:00 AM,Unknown,M,20 to 29,11788,785,6.66
01/01/2003 12:00:00 AM,Unknown,M,30 to 39,8546,265,3.1
01/01/2003 12:00:00 AM,Unknown,M,40 to 49,6974,225,3.23
01/01/2003 12:00:00 AM,Unknown,M,50 to 59,4683,145,3.1
01/01/2003 12:00:00 AM,Unknown,M,60 to 69,2789,134,4.8
01/01/2003 12:00:00 AM,Unknown,M,70 to 79,1554,70,4.5
01/01/2003 12:00:00 AM,Unknown,M,80 +,803,39,4.86
01/01/2003 12:00:00 AM,Western,F,0 to 9,9015,816,9.05
01/01/2003 12:00:00 AM,Western,F,10 to 19,9664,1366,14.13
01/01/2003 12:00:00 AM,Western,F,20 to 29,9884,1004,10.16
01/01/2003 12:00:00 AM,Western,F,30 to 39,12881,991,7.69
01/01/2003 12:00:00 AM,Western,F,40 to 49,17201,1259,7.32
01/01/2003 12:00:00 AM,Western,F,50 to 59,15074,1214,8.05
01/01/2003 12:00:00 AM,Western,F,60 to 69,10284,751,7.3
01/01/2003 12:00:00 AM,Western,F,70 to 79,7637,534,6.99
01/01/2003 12:00:00 AM,Western,F,80 +,6390,360,5.63
01/01/2003 12:00:00 AM,Western,M,0 to 9,9634,1295,13.44
01/01/2003 12:00:00 AM,Western,M,10 to 19,10327,1771,17.15
01/01/2003 12:00:00 AM,Western,M,20 to 29,9818,591,6.02
01/01/2003 12:00:00 AM,Western,M,30 to 39,12548,549,4.38
01/01/2003 12:00:00 AM,Western,M,40 to 49,16531,658,3.98
01/01/2003 12:00:00 AM,Western,M,50 to 59,15003,588,3.92
01/01/2003 12:00:00 AM,Western,M,60 to 69,10217,479,4.69
01/01/2003 12:00:00 AM,Western,M,70 to 79,6603,326,4.94
01/01/2003 12:00:00 AM,Western,M,80 +,3707,205,5.53
01/01/2004 12:00:00 AM,Central,F,0 to 9,19197,1942,10.12
01/01/2004 12:00:00 AM,Central,F,10 to 19,23931,4236,17.7
01/01/2004 12:00:00 AM,Central,F,20 to 29,24434,2970,12.16
01/01/2004 12:00:00 AM,Central,F,30 to 39,28163,2640,9.37
01/01/2004 12:00:00 AM,Central,F,40 to 49,32658,3219,9.86
01/01/2004 12:00:00 AM,Central,F,50 to 59,25516,2648,10.38
01/01/2004 12:00:00 AM,Central,F,60 to 69,15558,1591,10.23
01/01/2004 12:00:00 AM,Central,F,70 to 79,11394,963,8.45
01/01/2004 12:00:00 AM,Central,F,80 +,8973,638,7.11
01/01/2004 12:00:00 AM,Central,M,0 to 9,19742,3029,15.34
01/01/2004 12:00:00 AM,Central,M,10 to 19,25069,5313,21.19
01/01/2004 12:00:00 AM,Central,M,20 to 29,23630,2104,8.9
01/01/2004 12:00:00 AM,Central,M,30 to 39,25732,1386,5.39
01/01/2004 12:00:00 AM,Central,M,40 to 49,30885,1563,5.06
01/01/2004 12:00:00 AM,Central,M,50 to 59,24093,1167,4.84
01/01/2004 12:00:00 AM,Central,M,60 to 69,14630,818,5.59
01/01/2004 12:00:00 AM,Central,M,70 to 79,9025,507,5.62
01/01/2004 12:00:00 AM,Central,M,80 +,4542,252,5.55
01/01/2004 12:00:00 AM,Eastern,F,0 to 9,7576,737,9.73
01/01/2004 12:00:00 AM,Eastern,F,10 to 19,8200,1261,15.38
01/01/2004 12:00:00 AM,Eastern,F,20 to 29,8142,714,8.77
01/01/2004 12:00:00 AM,Eastern,F,30 to 39,9770,652,6.67
01/01/2004 12:00:00 AM,Eastern,F,40 to 49,13787,868,6.3
01/01/2004 12:00:00 AM,Eastern,F,50 to 59,12906,939,7.28
01/01/2004 12:00:00 AM,Eastern,F,60 to 69,8809,635,7.21
01/01/2004 12:00:00 AM,Eastern,F,70 to 79,6321,391,6.19
01/01/2004 12:00:00 AM,Eastern,F,80 +,5490,310,5.65
01/01/2004 12:00:00 AM,Eastern,M,0 to 9,8008,1147,14.32
01/01/2004 12:00:00 AM,Eastern,M,10 to 19,8870,1698,19.14
01/01/2004 12:00:00 AM,Eastern,M,20 to 29,8342,595,7.13
01/01/2004 12:00:00 AM,Eastern,M,30 to 39,9667,370,3.83
01/01/2004 12:00:00 AM,Eastern,M,40 to 49,13168,464,3.52
01/01/2004 12:00:00 AM,Eastern,M,50 to 59,13366,482,3.61
01/01/2004 12:00:00 AM,Eastern,M,60 to 69,8627,355,4.11
01/01/2004 12:00:00 AM,Eastern,M,70 to 79,5228,222,4.25
01/01/2004 12:00:00 AM,Eastern,M,80 +,2846,132,4.64
01/01/2004 12:00:00 AM,Northern,F,0 to 9,7358,716,9.73
01/01/2004 12:00:00 AM,Northern,F,10 to 19,7696,1199,15.58
01/01/2004 12:00:00 AM,Northern,F,20 to 29,7978,855,10.72
01/01/2004 12:00:00 AM,Northern,F,30 to 39,9971,857,8.59
01/01/2004 12:00:00 AM,Northern,F,40 to 49,12441,1004,8.07
01/01/2004 12:00:00 AM,Northern,F,50 to 59,11277,974,8.64
01/01/2004 12:00:00 AM,Northern,F,60 to 69,7298,590,8.08
01/01/2004 12:00:00 AM,Northern,F,70 to 79,5490,421,7.67
01/01/2004 12:00:00 AM,Northern,F,80 +,4729,262,5.54
01/01/2004 12:00:00 AM,Northern,M,0 to 9,7847,1172,14.94
01/01/2004 12:00:00 AM,Northern,M,10 to 19,8258,1524,18.45
01/01/2004 12:00:00 AM,Northern,M,20 to 29,8019,586,7.31
01/01/2004 12:00:00 AM,Northern,M,30 to 39,9594,409,4.26
01/01/2004 12:00:00 AM,Northern,M,40 to 49,12228,523,4.28
01/01/2004 12:00:00 AM,Northern,M,50 to 59,11304,457,4.04
01/01/2004 12:00:00 AM,Northern,M,60 to 69,7432,283,3.81
01/01/2004 12:00:00 AM,Northern,M,70 to 79,4545,209,4.6
01/01/2004 12:00:00 AM,Northern,M,80 +,2477,133,5.37
01/01/2004 12:00:00 AM,Unknown,F,0 to 9,5804,466,8.03
01/01/2004 12:00:00 AM,Unknown,F,10 to 19,12023,1675,13.93
01/01/2004 12:00:00 AM,Unknown,F,20 to 29,11999,1066,8.88
01/01/2004 12:00:00 AM,Unknown,F,30 to 39,8789,584,6.64
01/01/2004 12:00:00 AM,Unknown,F,40 to 49,7237,510,7.05
01/01/2004 12:00:00 AM,Unknown,F,50 to 59,5158,394,7.64
01/01/2004 12:00:00 AM,Unknown,F,60 to 69,3033,215,7.09
01/01/2004 12:00:00 AM,Unknown,F,70 to 79,1963,128,6.52
01/01/2004 12:00:00 AM,Unknown,F,80 +,1596,97,6.08
01/01/2004 12:00:00 AM,Unknown,M,0 to 9,5803,636,10.96
01/01/2004 12:00:00 AM,Unknown,M,10 to 19,11671,2004,17.17
01/01/2004 12:00:00 AM,Unknown,M,20 to 29,11699,869,7.43
01/01/2004 12:00:00 AM,Unknown,M,30 to 39,8275,276,3.34
01/01/2004 12:00:00 AM,Unknown,M,40 to 49,6954,239,3.44
01/01/2004 12:00:00 AM,Unknown,M,50 to 59,4802,159,3.31
01/01/2004 12:00:00 AM,Unknown,M,60 to 69,2810,120,4.27
01/01/2004 12:00:00 AM,Unknown,M,70 to 79,1544,76,4.92
01/01/2004 12:00:00 AM,Unknown,M,80 +,802,39,4.86
01/01/2004 12:00:00 AM,Western,F,0 to 9,8902,845,9.49
01/01/2004 12:00:00 AM,Western,F,10 to 19,9739,1499,15.39
01/01/2004 12:00:00 AM,Western,F,20 to 29,9833,1059,10.77
01/01/2004 12:00:00 AM,Western,F,30 to 39,12455,1041,8.36
01/01/2004 12:00:00 AM,Western,F,40 to 49,17280,1393,8.06
01/01/2004 12:00:00 AM,Western,F,50 to 59,15595,1337,8.57
01/01/2004 12:00:00 AM,Western,F,60 to 69,10608,840,7.92
01/01/2004 12:00:00 AM,Western,F,70 to 79,7697,548,7.12
01/01/2004 12:00:00 AM,Western,F,80 +,6433,397,6.17
01/01/2004 12:00:00 AM,Western,M,0 to 9,9460,1323,13.99
01/01/2004 12:00:00 AM,Western,M,10 to 19,10309,1940,18.82
01/01/2004 12:00:00 AM,Western,M,20 to 29,9784,669,6.84
01/01/2004 12:00:00 AM,Western,M,30 to 39,12111,584,4.82
01/01/2004 12:00:00 AM,Western,M,40 to 49,16601,713,4.29
01/01/2004 12:00:00 AM,Western,M,50 to 59,15411,649,4.21
01/01/2004 12:00:00 AM,Western,M,60 to 69,10560,499,4.73
01/01/2004 12:00:00 AM,Western,M,70 to 79,6736,352,5.23
01/01/2004 12:00:00 AM,Western,M,80 +,3746,206,5.5
01/01/2005 12:00:00 AM,Central,F,0 to 9,18843,1855,9.84
01/01/2005 12:00:00 AM,Central,F,10 to 19,24119,4561,18.91
01/01/2005 12:00:00 AM,Central,F,20 to 29,24753,3145,12.71
01/01/2005 12:00:00 AM,Central,F,30 to 39,28195,2861,10.15
01/01/2005 12:00:00 AM,Central,F,40 to 49,32938,3409,10.35
01/01/2005 12:00:00 AM,Central,F,50 to 59,26659,2954,11.08
01/01/2005 12:00:00 AM,Central,F,60 to 69,16270,1734,10.66
01/01/2005 12:00:00 AM,Central,F,70 to 79,11350,996,8.78
01/01/2005 12:00:00 AM,Central,F,80 +,9150,676,7.39
01/01/2005 12:00:00 AM,Central,M,0 to 9,19597,2946,15.03
01/01/2005 12:00:00 AM,Central,M,10 to 19,24978,5673,22.71
01/01/2005 12:00:00 AM,Central,M,20 to 29,24081,2457,10.2
01/01/2005 12:00:00 AM,Central,M,30 to 39,25711,1474,5.73
01/01/2005 12:00:00 AM,Central,M,40 to 49,31304,1694,5.41
01/01/2005 12:00:00 AM,Central,M,50 to 59,25057,1295,5.17
01/01/2005 12:00:00 AM,Central,M,60 to 69,15285,876,5.73
01/01/2005 12:00:00 AM,Central,M,70 to 79,9255,523,5.65
01/01/2005 12:00:00 AM,Central,M,80 +,4656,284,6.1
01/01/2005 12:00:00 AM,Eastern,F,0 to 9,7464,710,9.51
01/01/2005 12:00:00 AM,Eastern,F,10 to 19,8230,1379,16.76
01/01/2005 12:00:00 AM,Eastern,F,20 to 29,8113,758,9.34
01/01/2005 12:00:00 AM,Eastern,F,30 to 39,9580,695,7.25
01/01/2005 12:00:00 AM,Eastern,F,40 to 49,13574,919,6.77
01/01/2005 12:00:00 AM,Eastern,F,50 to 59,13299,1024,7.7
01/01/2005 12:00:00 AM,Eastern,F,60 to 69,9035,680,7.53
01/01/2005 12:00:00 AM,Eastern,F,70 to 79,6373,402,6.31
01/01/2005 12:00:00 AM,Eastern,F,80 +,5483,314,5.73
01/01/2005 12:00:00 AM,Eastern,M,0 to 9,7846,1086,13.84
01/01/2005 12:00:00 AM,Eastern,M,10 to 19,8898,1846,20.75
01/01/2005 12:00:00 AM,Eastern,M,20 to 29,8310,675,8.12
01/01/2005 12:00:00 AM,Eastern,M,30 to 39,9547,427,4.47
01/01/2005 12:00:00 AM,Eastern,M,40 to 49,12926,494,3.82
01/01/2005 12:00:00 AM,Eastern,M,50 to 59,13605,527,3.87
01/01/2005 12:00:00 AM,Eastern,M,60 to 69,8907,375,4.21
01/01/2005 12:00:00 AM,Eastern,M,70 to 79,5336,240,4.5
01/01/2005 12:00:00 AM,Eastern,M,80 +,2874,129,4.49
01/01/2005 12:00:00 AM,Northern,F,0 to 9,7297,713,9.77
01/01/2005 12:00:00 AM,Northern,F,10 to 19,7768,1279,16.46
01/01/2005 12:00:00 AM,Northern,F,20 to 29,7959,932,11.71
01/01/2005 12:00:00 AM,Northern,F,30 to 39,9740,898,9.22
01/01/2005 12:00:00 AM,Northern,F,40 to 49,12434,1066,8.57
01/01/2005 12:00:00 AM,Northern,F,50 to 59,11577,1049,9.06
01/01/2005 12:00:00 AM,Northern,F,60 to 69,7581,651,8.59
01/01/2005 12:00:00 AM,Northern,F,70 to 79,5507,421,7.64
01/01/2005 12:00:00 AM,Northern,F,80 +,4788,281,5.87
01/01/2005 12:00:00 AM,Northern,M,0 to 9,7786,1137,14.6
01/01/2005 12:00:00 AM,Northern,M,10 to 19,8337,1697,20.36
01/01/2005 12:00:00 AM,Northern,M,20 to 29,7973,660,8.28
01/01/2005 12:00:00 AM,Northern,M,30 to 39,9445,442,4.68
01/01/2005 12:00:00 AM,Northern,M,40 to 49,12143,535,4.41
01/01/2005 12:00:00 AM,Northern,M,50 to 59,11612,502,4.32
01/01/2005 12:00:00 AM,Northern,M,60 to 69,7671,312,4.07
01/01/2005 12:00:00 AM,Northern,M,70 to 79,4641,212,4.57
01/01/2005 12:00:00 AM,Northern,M,80 +,2527,132,5.22
01/01/2005 12:00:00 AM,Unknown,F,0 to 9,5269,392,7.44
01/01/2005 12:00:00 AM,Unknown,F,10 to 19,11241,1659,14.76
01/01/2005 12:00:00 AM,Unknown,F,20 to 29,11830,1136,9.6
01/01/2005 12:00:00 AM,Unknown,F,30 to 39,8521,577,6.77
01/01/2005 12:00:00 AM,Unknown,F,40 to 49,7143,532,7.45
01/01/2005 12:00:00 AM,Unknown,F,50 to 59,5194,421,8.11
01/01/2005 12:00:00 AM,Unknown,F,60 to 69,3091,231,7.47
01/01/2005 12:00:00 AM,Unknown,F,70 to 79,1855,135,7.28
01/01/2005 12:00:00 AM,Unknown,F,80 +,1595,88,5.52
01/01/2005 12:00:00 AM,Unknown,M,0 to 9,5400,578,10.7
01/01/2005 12:00:00 AM,Unknown,M,10 to 19,10690,1935,18.1
01/01/2005 12:00:00 AM,Unknown,M,20 to 29,11520,976,8.47
01/01/2005 12:00:00 AM,Unknown,M,30 to 39,7955,301,3.78
01/01/2005 12:00:00 AM,Unknown,M,40 to 49,6878,249,3.62
01/01/2005 12:00:00 AM,Unknown,M,50 to 59,4848,170,3.51
01/01/2005 12:00:00 AM,Unknown,M,60 to 69,2826,129,4.56
01/01/2005 12:00:00 AM,Unknown,M,70 to 79,1529,68,4.45
01/01/2005 12:00:00 AM,Unknown,M,80 +,799,36,4.51
01/01/2005 12:00:00 AM,Western,F,0 to 9,8765,880,10.04
01/01/2005 12:00:00 AM,Western,F,10 to 19,9820,1644,16.74
01/01/2005 12:00:00 AM,Western,F,20 to 29,9806,1119,11.41
01/01/2005 12:00:00 AM,Western,F,30 to 39,12087,1108,9.17
01/01/2005 12:00:00 AM,Western,F,40 to 49,17219,1482,8.61
01/01/2005 12:00:00 AM,Western,F,50 to 59,15987,1447,9.05
01/01/2005 12:00:00 AM,Western,F,60 to 69,11042,925,8.38
01/01/2005 12:00:00 AM,Western,F,70 to 79,7757,583,7.52
01/01/2005 12:00:00 AM,Western,F,80 +,6468,399,6.17
01/01/2005 12:00:00 AM,Western,M,0 to 9,9305,1345,14.45
01/01/2005 12:00:00 AM,Western,M,10 to 19,10403,2124,20.42
01/01/2005 12:00:00 AM,Western,M,20 to 29,9726,744,7.65
01/01/2005 12:00:00 AM,Western,M,30 to 39,11861,622,5.24
01/01/2005 12:00:00 AM,Western,M,40 to 49,16500,788,4.78
01/01/2005 12:00:00 AM,Western,M,50 to 59,15692,701,4.47
01/01/2005 12:00:00 AM,Western,M,60 to 69,10950,539,4.92
01/01/2005 12:00:00 AM,Western,M,70 to 79,6875,347,5.05
01/01/2005 12:00:00 AM,Western,M,80 +,3828,226,5.9
01/01/2006 12:00:00 AM,Central,F,0 to 9,18770,1823,9.71
01/01/2006 12:00:00 AM,Central,F,10 to 19,24049,4685,19.48
01/01/2006 12:00:00 AM,Central,F,20 to 29,25210,3415,13.55
01/01/2006 12:00:00 AM,Central,F,30 to 39,28270,3021,10.69
01/01/2006 12:00:00 AM,Central,F,40 to 49,33209,3647,10.98
01/01/2006 12:00:00 AM,Central,F,50 to 59,27306,3065,11.22
01/01/2006 12:00:00 AM,Central,F,60 to 69,17388,1988,11.43
01/01/2006 12:00:00 AM,Central,F,70 to 79,11409,1054,9.24
01/01/2006 12:00:00 AM,Central,F,80 +,9433,714,7.57
01/01/2006 12:00:00 AM,Central,M,0 to 9,19406,2885,14.87
01/01/2006 12:00:00 AM,Central,M,10 to 19,25018,5947,23.77
01/01/2006 12:00:00 AM,Central,M,20 to 29,24563,2781,11.32
01/01/2006 12:00:00 AM,Central,M,30 to 39,25865,1576,6.09
01/01/2006 12:00:00 AM,Central,M,40 to 49,31540,1785,5.66
01/01/2006 12:00:00 AM,Central,M,50 to 59,25813,1448,5.61
01/01/2006 12:00:00 AM,Central,M,60 to 69,16324,951,5.83
01/01/2006 12:00:00 AM,Central,M,70 to 79,9507,537,5.65
01/01/2006 12:00:00 AM,Central,M,80 +,4813,292,6.07
01/01/2006 12:00:00 AM,Eastern,F,0 to 9,7345,674,9.18
01/01/2006 12:00:00 AM,Eastern,F,10 to 19,8234,1459,17.72
01/01/2006 12:00:00 AM,Eastern,F,20 to 29,8078,835,10.34
01/01/2006 12:00:00 AM,Eastern,F,30 to 39,9373,724,7.72
01/01/2006 12:00:00 AM,Eastern,F,40 to 49,13293,935,7.03
01/01/2006 12:00:00 AM,Eastern,F,50 to 59,13417,1049,7.82
01/01/2006 12:00:00 AM,Eastern,F,60 to 69,9509,756,7.95
01/01/2006 12:00:00 AM,Eastern,F,70 to 79,6518,427,6.55
01/01/2006 12:00:00 AM,Eastern,F,80 +,5494,326,5.93
01/01/2006 12:00:00 AM,Eastern,M,0 to 9,7677,1018,13.26
01/01/2006 12:00:00 AM,Eastern,M,10 to 19,8920,1965,22.03
01/01/2006 12:00:00 AM,Eastern,M,20 to 29,8281,764,9.23
01/01/2006 12:00:00 AM,Eastern,M,30 to 39,9297,445,4.79
01/01/2006 12:00:00 AM,Eastern,M,40 to 49,12642,510,4.03
01/01/2006 12:00:00 AM,Eastern,M,50 to 59,13667,550,4.02
01/01/2006 12:00:00 AM,Eastern,M,60 to 69,9448,427,4.52
01/01/2006 12:00:00 AM,Eastern,M,70 to 79,5434,231,4.25
01/01/2006 12:00:00 AM,Eastern,M,80 +,2853,141,4.94
01/01/2006 12:00:00 AM,Northern,F,0 to 9,7268,732,10.07
01/01/2006 12:00:00 AM,Northern,F,10 to 19,7819,1339,17.12
01/01/2006 12:00:00 AM,Northern,F,20 to 29,7825,922,11.78
01/01/2006 12:00:00 AM,Northern,F,30 to 39,9646,973,10.09
01/01/2006 12:00:00 AM,Northern,F,40 to 49,12365,1079,8.73
01/01/2006 12:00:00 AM,Northern,F,50 to 59,11720,1110,9.47
01/01/2006 12:00:00 AM,Northern,F,60 to 69,8034,743,9.25
01/01/2006 12:00:00 AM,Northern,F,70 to 79,5535,451,8.15
01/01/2006 12:00:00 AM,Northern,F,80 +,4834,291,6.02
01/01/2006 12:00:00 AM,Northern,M,0 to 9,7700,1089,14.14
01/01/2006 12:00:00 AM,Northern,M,10 to 19,8493,1822,21.45
01/01/2006 12:00:00 AM,Northern,M,20 to 29,7840,731,9.32
01/01/2006 12:00:00 AM,Northern,M,30 to 39,9381,487,5.19
01/01/2006 12:00:00 AM,Northern,M,40 to 49,11988,535,4.46
01/01/2006 12:00:00 AM,Northern,M,50 to 59,11752,539,4.59
01/01/2006 12:00:00 AM,Northern,M,60 to 69,8189,333,4.07
01/01/2006 12:00:00 AM,Northern,M,70 to 79,4743,223,4.7
01/01/2006 12:00:00 AM,Northern,M,80 +,2580,143,5.54
01/01/2006 12:00:00 AM,Unknown,F,0 to 9,4937,355,7.19
01/01/2006 12:00:00 AM,Unknown,F,10 to 19,10296,1590,15.44
01/01/2006 12:00:00 AM,Unknown,F,20 to 29,11597,1188,10.24
01/01/2006 12:00:00 AM,Unknown,F,30 to 39,8101,579,7.15
01/01/2006 12:00:00 AM,Unknown,F,40 to 49,6850,524,7.65
01/01/2006 12:00:00 AM,Unknown,F,50 to 59,5194,426,8.2
01/01/2006 12:00:00 AM,Unknown,F,60 to 69,3227,268,8.3
01/01/2006 12:00:00 AM,Unknown,F,70 to 79,1786,134,7.5
01/01/2006 12:00:00 AM,Unknown,F,80 +,1653,94,5.69
01/01/2006 12:00:00 AM,Unknown,M,0 to 9,4994,506,10.13
01/01/2006 12:00:00 AM,Unknown,M,10 to 19,9707,1831,18.86
01/01/2006 12:00:00 AM,Unknown,M,20 to 29,11045,1043,9.44
01/01/2006 12:00:00 AM,Unknown,M,30 to 39,7523,328,4.36
01/01/2006 12:00:00 AM,Unknown,M,40 to 49,6678,248,3.71
01/01/2006 12:00:00 AM,Unknown,M,50 to 59,4806,172,3.58
01/01/2006 12:00:00 AM,Unknown,M,60 to 69,2950,126,4.27
01/01/2006 12:00:00 AM,Unknown,M,70 to 79,1516,79,5.21
01/01/2006 12:00:00 AM,Unknown,M,80 +,791,30,3.79
01/01/2006 12:00:00 AM,Western,F,0 to 9,8702,920,10.57
01/01/2006 12:00:00 AM,Western,F,10 to 19,9830,1721,17.51
01/01/2006 12:00:00 AM,Western,F,20 to 29,9771,1200,12.28
01/01/2006 12:00:00 AM,Western,F,30 to 39,11942,1186,9.93
01/01/2006 12:00:00 AM,Western,F,40 to 49,16908,1534,9.07
01/01/2006 12:00:00 AM,Western,F,50 to 59,16158,1506,9.32
01/01/2006 12:00:00 AM,Western,F,60 to 69,11768,1054,8.96
01/01/2006 12:00:00 AM,Western,F,70 to 79,7823,609,7.78
01/01/2006 12:00:00 AM,Western,F,80 +,6563,429,6.54
01/01/2006 12:00:00 AM,Western,M,0 to 9,9140,1308,14.31
01/01/2006 12:00:00 AM,Western,M,10 to 19,10485,2287,21.81
01/01/2006 12:00:00 AM,Western,M,20 to 29,9683,852,8.8
01/01/2006 12:00:00 AM,Western,M,30 to 39,11610,648,5.58
01/01/2006 12:00:00 AM,Western,M,40 to 49,16279,815,5.01
01/01/2006 12:00:00 AM,Western,M,50 to 59,15847,748,4.72
01/01/2006 12:00:00 AM,Western,M,60 to 69,11539,601,5.21
01/01/2006 12:00:00 AM,Western,M,70 to 79,7061,379,5.37
01/01/2006 12:00:00 AM,Western,M,80 +,3886,223,5.74
01/01/2007 12:00:00 AM,Central,F,0 to 9,18862,1791,9.5
01/01/2007 12:00:00 AM,Central,F,10 to 19,23957,4758,19.86
01/01/2007 12:00:00 AM,Central,F,20 to 29,25666,3617,14.09
01/01/2007 12:00:00 AM,Central,F,30 to 39,28473,3205,11.26
01/01/2007 12:00:00 AM,Central,F,40 to 49,33352,3760,11.27
01/01/2007 12:00:00 AM,Central,F,50 to 59,27916,3236,11.59
01/01/2007 12:00:00 AM,Central,F,60 to 69,18623,2186,11.74
01/01/2007 12:00:00 AM,Central,F,70 to 79,11507,1102,9.58
01/01/2007 12:00:00 AM,Central,F,80 +,9594,734,7.65
01/01/2007 12:00:00 AM,Central,M,0 to 9,19523,2754,14.11
01/01/2007 12:00:00 AM,Central,M,10 to 19,25061,6069,24.22
01/01/2007 12:00:00 AM,Central,M,20 to 29,24866,3131,12.59
01/01/2007 12:00:00 AM,Central,M,30 to 39,26160,1698,6.49
01/01/2007 12:00:00 AM,Central,M,40 to 49,31446,1853,5.89
01/01/2007 12:00:00 AM,Central,M,50 to 59,26601,1582,5.95
01/01/2007 12:00:00 AM,Central,M,60 to 69,17445,1031,5.91
01/01/2007 12:00:00 AM,Central,M,70 to 79,9706,563,5.8
01/01/2007 12:00:00 AM,Central,M,80 +,4950,291,5.88
01/01/2007 12:00:00 AM,Eastern,F,0 to 9,7263,629,8.66
01/01/2007 12:00:00 AM,Eastern,F,10 to 19,8290,1526,18.41
01/01/2007 12:00:00 AM,Eastern,F,20 to 29,8028,891,11.1
01/01/2007 12:00:00 AM,Eastern,F,30 to 39,9261,775,8.37
01/01/2007 12:00:00 AM,Eastern,F,40 to 49,12836,949,7.39
01/01/2007 12:00:00 AM,Eastern,F,50 to 59,13590,1091,8.03
01/01/2007 12:00:00 AM,Eastern,F,60 to 69,10062,837,8.32
01/01/2007 12:00:00 AM,Eastern,F,70 to 79,6547,446,6.81
01/01/2007 12:00:00 AM,Eastern,F,80 +,5517,331,6
01/01/2007 12:00:00 AM,Eastern,M,0 to 9,7661,974,12.71
01/01/2007 12:00:00 AM,Eastern,M,10 to 19,8892,2060,23.17
01/01/2007 12:00:00 AM,Eastern,M,20 to 29,8321,859,10.32
01/01/2007 12:00:00 AM,Eastern,M,30 to 39,9088,475,5.23
01/01/2007 12:00:00 AM,Eastern,M,40 to 49,12329,525,4.26
01/01/2007 12:00:00 AM,Eastern,M,50 to 59,13619,573,4.21
01/01/2007 12:00:00 AM,Eastern,M,60 to 69,9963,470,4.72
01/01/2007 12:00:00 AM,Eastern,M,70 to 79,5581,260,4.66
01/01/2007 12:00:00 AM,Eastern,M,80 +,2894,147,5.08
01/01/2007 12:00:00 AM,Northern,F,0 to 9,7305,708,9.69
01/01/2007 12:00:00 AM,Northern,F,10 to 19,7813,1384,17.71
01/01/2007 12:00:00 AM,Northern,F,20 to 29,7823,964,12.32
01/01/2007 12:00:00 AM,Northern,F,30 to 39,9525,1007,10.57
01/01/2007 12:00:00 AM,Northern,F,40 to 49,12133,1101,9.07
01/01/2007 12:00:00 AM,Northern,F,50 to 59,11890,1144,9.62
01/01/2007 12:00:00 AM,Northern,F,60 to 69,8603,802,9.32
01/01/2007 12:00:00 AM,Northern,F,70 to 79,5540,470,8.48
01/01/2007 12:00:00 AM,Northern,F,80 +,4873,300,6.16
01/01/2007 12:00:00 AM,Northern,M,0 to 9,7709,1028,13.34
01/01/2007 12:00:00 AM,Northern,M,10 to 19,8590,1924,22.4
01/01/2007 12:00:00 AM,Northern,M,20 to 29,7757,810,10.44
01/01/2007 12:00:00 AM,Northern,M,30 to 39,9241,516,5.58
01/01/2007 12:00:00 AM,Northern,M,40 to 49,11782,544,4.62
01/01/2007 12:00:00 AM,Northern,M,50 to 59,11947,562,4.7
01/01/2007 12:00:00 AM,Northern,M,60 to 69,8615,359,4.17
01/01/2007 12:00:00 AM,Northern,M,70 to 79,4854,239,4.92
01/01/2007 12:00:00 AM,Northern,M,80 +,2626,147,5.6
01/01/2007 12:00:00 AM,Unknown,F,0 to 9,4546,320,7.04
01/01/2007 12:00:00 AM,Unknown,F,10 to 19,9293,1449,15.59
01/01/2007 12:00:00 AM,Unknown,F,20 to 29,10959,1206,11
01/01/2007 12:00:00 AM,Unknown,F,30 to 39,7658,544,7.1
01/01/2007 12:00:00 AM,Unknown,F,40 to 49,6499,517,7.96
01/01/2007 12:00:00 AM,Unknown,F,50 to 59,5102,420,8.23
01/01/2007 12:00:00 AM,Unknown,F,60 to 69,3313,282,8.51
01/01/2007 12:00:00 AM,Unknown,F,70 to 79,1789,145,8.11
01/01/2007 12:00:00 AM,Unknown,F,80 +,1625,100,6.15
01/01/2007 12:00:00 AM,Unknown,M,0 to 9,4695,445,9.48
01/01/2007 12:00:00 AM,Unknown,M,10 to 19,8625,1686,19.55
01/01/2007 12:00:00 AM,Unknown,M,20 to 29,10307,1042,10.11
01/01/2007 12:00:00 AM,Unknown,M,30 to 39,7043,326,4.63
01/01/2007 12:00:00 AM,Unknown,M,40 to 49,6294,243,3.86
01/01/2007 12:00:00 AM,Unknown,M,50 to 59,4699,179,3.81
01/01/2007 12:00:00 AM,Unknown,M,60 to 69,3012,125,4.15
01/01/2007 12:00:00 AM,Unknown,M,70 to 79,1532,81,5.29
01/01/2007 12:00:00 AM,Unknown,M,80 +,790,29,3.67
01/01/2007 12:00:00 AM,Western,F,0 to 9,8658,889,10.27
01/01/2007 12:00:00 AM,Western,F,10 to 19,9907,1822,18.39
01/01/2007 12:00:00 AM,Western,F,20 to 29,9718,1263,13
01/01/2007 12:00:00 AM,Western,F,30 to 39,11763,1252,10.64
01/01/2007 12:00:00 AM,Western,F,40 to 49,16546,1584,9.57
01/01/2007 12:00:00 AM,Western,F,50 to 59,16376,1559,9.52
01/01/2007 12:00:00 AM,Western,F,60 to 69,12446,1176,9.45
01/01/2007 12:00:00 AM,Western,F,70 to 79,8007,651,8.13
01/01/2007 12:00:00 AM,Western,F,80 +,6600,443,6.71
01/01/2007 12:00:00 AM,Western,M,0 to 9,9067,1280,14.12
01/01/2007 12:00:00 AM,Western,M,10 to 19,10607,2406,22.68
01/01/2007 12:00:00 AM,Western,M,20 to 29,9623,999,10.38
01/01/2007 12:00:00 AM,Western,M,30 to 39,11394,656,5.76
01/01/2007 12:00:00 AM,Western,M,40 to 49,15816,854,5.4
01/01/2007 12:00:00 AM,Western,M,50 to 59,16126,773,4.79
01/01/2007 12:00:00 AM,Western,M,60 to 69,12183,651,5.34
01/01/2007 12:00:00 AM,Western,M,70 to 79,7238,403,5.57
01/01/2007 12:00:00 AM,Western,M,80 +,3972,239,6.02
01/01/2008 12:00:00 AM,Central,F,0 to 9,19016,1729,9.09
01/01/2008 12:00:00 AM,Central,F,10 to 19,23704,4766,20.11
01/01/2008 12:00:00 AM,Central,F,20 to 29,26203,3881,14.81
01/01/2008 12:00:00 AM,Central,F,30 to 39,28817,3393,11.77
01/01/2008 12:00:00 AM,Central,F,40 to 49,33285,3847,11.56
01/01/2008 12:00:00 AM,Central,F,50 to 59,28893,3409,11.8
01/01/2008 12:00:00 AM,Central,F,60 to 69,19638,2432,12.38
01/01/2008 12:00:00 AM,Central,F,70 to 79,11745,1158,9.86
01/01/2008 12:00:00 AM,Central,F,80 +,9748,774,7.94
01/01/2008 12:00:00 AM,Central,M,0 to 9,19809,2636,13.31
01/01/2008 12:00:00 AM,Central,M,10 to 19,24748,6179,24.97
01/01/2008 12:00:00 AM,Central,M,20 to 29,25565,3537,13.84
01/01/2008 12:00:00 AM,Central,M,30 to 39,26525,1810,6.82
01/01/2008 12:00:00 AM,Central,M,40 to 49,31537,1927,6.11
01/01/2008 12:00:00 AM,Central,M,50 to 59,27471,1713,6.24
01/01/2008 12:00:00 AM,Central,M,60 to 69,18366,1104,6.01
01/01/2008 12:00:00 AM,Central,M,70 to 79,9999,612,6.12
01/01/2008 12:00:00 AM,Central,M,80 +,5122,293,5.72
01/01/2008 12:00:00 AM,Eastern,F,0 to 9,7211,606,8.4
01/01/2008 12:00:00 AM,Eastern,F,10 to 19,8349,1564,18.73
01/01/2008 12:00:00 AM,Eastern,F,20 to 29,7981,956,11.98
01/01/2008 12:00:00 AM,Eastern,F,30 to 39,9173,815,8.88
01/01/2008 12:00:00 AM,Eastern,F,40 to 49,12470,980,7.86
01/01/2008 12:00:00 AM,Eastern,F,50 to 59,13766,1139,8.27
01/01/2008 12:00:00 AM,Eastern,F,60 to 69,10501,917,8.73
01/01/2008 12:00:00 AM,Eastern,F,70 to 79,6649,468,7.04
01/01/2008 12:00:00 AM,Eastern,F,80 +,5558,358,6.44
01/01/2008 12:00:00 AM,Eastern,M,0 to 9,7630,934,12.24
01/01/2008 12:00:00 AM,Eastern,M,10 to 19,8897,2129,23.93
01/01/2008 12:00:00 AM,Eastern,M,20 to 29,8393,973,11.59
01/01/2008 12:00:00 AM,Eastern,M,30 to 39,9036,495,5.48
01/01/2008 12:00:00 AM,Eastern,M,40 to 49,12072,532,4.41
01/01/2008 12:00:00 AM,Eastern,M,50 to 59,13649,605,4.43
01/01/2008 12:00:00 AM,Eastern,M,60 to 69,10374,498,4.8
01/01/2008 12:00:00 AM,Eastern,M,70 to 79,5753,275,4.78
01/01/2008 12:00:00 AM,Eastern,M,80 +,2944,152,5.16
01/01/2008 12:00:00 AM,Northern,F,0 to 9,7361,654,8.88
01/01/2008 12:00:00 AM,Northern,F,10 to 19,7886,1437,18.22
01/01/2008 12:00:00 AM,Northern,F,20 to 29,7803,998,12.79
01/01/2008 12:00:00 AM,Northern,F,30 to 39,9507,1060,11.15
01/01/2008 12:00:00 AM,Northern,F,40 to 49,11934,1158,9.7
01/01/2008 12:00:00 AM,Northern,F,50 to 59,12053,1198,9.94
01/01/2008 12:00:00 AM,Northern,F,60 to 69,8987,861,9.58
01/01/2008 12:00:00 AM,Northern,F,70 to 79,5691,491,8.63
01/01/2008 12:00:00 AM,Northern,F,80 +,4941,307,6.21
01/01/2008 12:00:00 AM,Northern,M,0 to 9,7687,964,12.54
01/01/2008 12:00:00 AM,Northern,M,10 to 19,8703,2023,23.24
01/01/2008 12:00:00 AM,Northern,M,20 to 29,7789,904,11.61
01/01/2008 12:00:00 AM,Northern,M,30 to 39,9196,538,5.85
01/01/2008 12:00:00 AM,Northern,M,40 to 49,11687,565,4.83
01/01/2008 12:00:00 AM,Northern,M,50 to 59,12054,598,4.96
01/01/2008 12:00:00 AM,Northern,M,60 to 69,9026,386,4.28
01/01/2008 12:00:00 AM,Northern,M,70 to 79,4991,242,4.85
01/01/2008 12:00:00 AM,Northern,M,80 +,2702,162,6
01/01/2008 12:00:00 AM,Unknown,F,0 to 9,4211,272,6.46
01/01/2008 12:00:00 AM,Unknown,F,10 to 19,8306,1287,15.49
01/01/2008 12:00:00 AM,Unknown,F,20 to 29,10538,1214,11.52
01/01/2008 12:00:00 AM,Unknown,F,30 to 39,7185,550,7.65
01/01/2008 12:00:00 AM,Unknown,F,40 to 49,6253,507,8.11
01/01/2008 12:00:00 AM,Unknown,F,50 to 59,5026,426,8.48
01/01/2008 12:00:00 AM,Unknown,F,60 to 69,3403,275,8.08
01/01/2008 12:00:00 AM,Unknown,F,70 to 79,1785,150,8.4
01/01/2008 12:00:00 AM,Unknown,F,80 +,1611,105,6.52
01/01/2008 12:00:00 AM,Unknown,M,0 to 9,4331,390,9
01/01/2008 12:00:00 AM,Unknown,M,10 to 19,7670,1529,19.93
01/01/2008 12:00:00 AM,Unknown,M,20 to 29,9815,1101,11.22
01/01/2008 12:00:00 AM,Unknown,M,30 to 39,6689,320,4.78
01/01/2008 12:00:00 AM,Unknown,M,40 to 49,6011,239,3.98
01/01/2008 12:00:00 AM,Unknown,M,50 to 59,4587,186,4.05
01/01/2008 12:00:00 AM,Unknown,M,60 to 69,3098,138,4.45
01/01/2008 12:00:00 AM,Unknown,M,70 to 79,1539,74,4.81
01/01/2008 12:00:00 AM,Unknown,M,80 +,798,33,4.14
01/01/2008 12:00:00 AM,Western,F,0 to 9,8635,854,9.89
01/01/2008 12:00:00 AM,Western,F,10 to 19,9918,1893,19.09
01/01/2008 12:00:00 AM,Western,F,20 to 29,9775,1343,13.74
01/01/2008 12:00:00 AM,Western,F,30 to 39,11535,1299,11.26
01/01/2008 12:00:00 AM,Western,F,40 to 49,16270,1629,10.01
01/01/2008 12:00:00 AM,Western,F,50 to 59,16629,1619,9.74
01/01/2008 12:00:00 AM,Western,F,60 to 69,13044,1283,9.84
01/01/2008 12:00:00 AM,Western,F,70 to 79,8205,705,8.59
01/01/2008 12:00:00 AM,Western,F,80 +,6724,472,7.02
01/01/2008 12:00:00 AM,Western,M,0 to 9,9017,1264,14.02
01/01/2008 12:00:00 AM,Western,M,10 to 19,10670,2458,23.04
01/01/2008 12:00:00 AM,Western,M,20 to 29,9747,1115,11.44
01/01/2008 12:00:00 AM,Western,M,30 to 39,11158,675,6.05
01/01/2008 12:00:00 AM,Western,M,40 to 49,15533,901,5.8
01/01/2008 12:00:00 AM,Western,M,50 to 59,16298,822,5.04
01/01/2008 12:00:00 AM,Western,M,60 to 69,12848,707,5.5
01/01/2008 12:00:00 AM,Western,M,70 to 79,7402,428,5.78
01/01/2008 12:00:00 AM,Western,M,80 +,4082,254,6.22
01/01/2009 12:00:00 AM,Central,F,0 to 9,19052,1630,8.56
01/01/2009 12:00:00 AM,Central,F,10 to 19,23463,4731,20.16
01/01/2009 12:00:00 AM,Central,F,20 to 29,26730,4120,15.41
01/01/2009 12:00:00 AM,Central,F,30 to 39,29139,3602,12.36
01/01/2009 12:00:00 AM,Central,F,40 to 49,33293,3931,11.81
01/01/2009 12:00:00 AM,Central,F,50 to 59,29881,3646,12.2
01/01/2009 12:00:00 AM,Central,F,60 to 69,20573,2638,12.82
01/01/2009 12:00:00 AM,Central,F,70 to 79,12001,1255,10.46
01/01/2009 12:00:00 AM,Central,F,80 +,9822,816,8.31
01/01/2009 12:00:00 AM,Central,M,0 to 9,20110,2516,12.51
01/01/2009 12:00:00 AM,Central,M,10 to 19,24315,6146,25.28
01/01/2009 12:00:00 AM,Central,M,20 to 29,26401,3966,15.02
01/01/2009 12:00:00 AM,Central,M,30 to 39,26872,1928,7.17
01/01/2009 12:00:00 AM,Central,M,40 to 49,31579,2013,6.37
01/01/2009 12:00:00 AM,Central,M,50 to 59,28361,1833,6.46
01/01/2009 12:00:00 AM,Central,M,60 to 69,19318,1192,6.17
01/01/2009 12:00:00 AM,Central,M,70 to 79,10224,635,6.21
01/01/2009 12:00:00 AM,Central,M,80 +,5318,324,6.09
01/01/2009 12:00:00 AM,Eastern,F,0 to 9,7126,549,7.7
01/01/2009 12:00:00 AM,Eastern,F,10 to 19,8365,1599,19.12
01/01/2009 12:00:00 AM,Eastern,F,20 to 29,8065,1042,12.92
01/01/2009 12:00:00 AM,Eastern,F,30 to 39,9088,849,9.34
01/01/2009 12:00:00 AM,Eastern,F,40 to 49,12145,1013,8.34
01/01/2009 12:00:00 AM,Eastern,F,50 to 59,13904,1187,8.54
01/01/2009 12:00:00 AM,Eastern,F,60 to 69,10833,977,9.02
01/01/2009 12:00:00 AM,Eastern,F,70 to 79,6790,524,7.72
01/01/2009 12:00:00 AM,Eastern,F,80 +,5595,353,6.31
01/01/2009 12:00:00 AM,Eastern,M,0 to 9,7561,881,11.65
01/01/2009 12:00:00 AM,Eastern,M,10 to 19,8926,2205,24.7
01/01/2009 12:00:00 AM,Eastern,M,20 to 29,8424,1090,12.94
01/01/2009 12:00:00 AM,Eastern,M,30 to 39,9024,543,6.02
01/01/2009 12:00:00 AM,Eastern,M,40 to 49,11819,553,4.68
01/01/2009 12:00:00 AM,Eastern,M,50 to 59,13620,630,4.63
01/01/2009 12:00:00 AM,Eastern,M,60 to 69,10904,548,5.03
01/01/2009 12:00:00 AM,Eastern,M,70 to 79,5921,301,5.08
01/01/2009 12:00:00 AM,Eastern,M,80 +,2995,159,5.31
01/01/2009 12:00:00 AM,Northern,F,0 to 9,7418,623,8.4
01/01/2009 12:00:00 AM,Northern,F,10 to 19,7920,1443,18.22
01/01/2009 12:00:00 AM,Northern,F,20 to 29,7827,1066,13.62
01/01/2009 12:00:00 AM,Northern,F,30 to 39,9421,1093,11.6
01/01/2009 12:00:00 AM,Northern,F,40 to 49,11756,1177,10.01
01/01/2009 12:00:00 AM,Northern,F,50 to 59,12253,1244,10.15
01/01/2009 12:00:00 AM,Northern,F,60 to 69,9410,928,9.86
01/01/2009 12:00:00 AM,Northern,F,70 to 79,5786,516,8.92
01/01/2009 12:00:00 AM,Northern,F,80 +,4981,319,6.4
01/01/2009 12:00:00 AM,Northern,M,0 to 9,7702,913,11.85
01/01/2009 12:00:00 AM,Northern,M,10 to 19,8683,2081,23.97
01/01/2009 12:00:00 AM,Northern,M,20 to 29,7930,1007,12.7
01/01/2009 12:00:00 AM,Northern,M,30 to 39,9100,566,6.22
01/01/2009 12:00:00 AM,Northern,M,40 to 49,11550,597,5.17
01/01/2009 12:00:00 AM,Northern,M,50 to 59,12176,603,4.95
01/01/2009 12:00:00 AM,Northern,M,60 to 69,9521,435,4.57
01/01/2009 12:00:00 AM,Northern,M,70 to 79,5075,246,4.85
01/01/2009 12:00:00 AM,Northern,M,80 +,2750,166,6.04
01/01/2009 12:00:00 AM,Unknown,F,0 to 9,3971,239,6.02
01/01/2009 12:00:00 AM,Unknown,F,10 to 19,7223,1148,15.89
01/01/2009 12:00:00 AM,Unknown,F,20 to 29,10190,1253,12.3
01/01/2009 12:00:00 AM,Unknown,F,30 to 39,6760,543,8.03
01/01/2009 12:00:00 AM,Unknown,F,40 to 49,6071,491,8.09
01/01/2009 12:00:00 AM,Unknown,F,50 to 59,4955,416,8.4
01/01/2009 12:00:00 AM,Unknown,F,60 to 69,3477,296,8.51
01/01/2009 12:00:00 AM,Unknown,F,70 to 79,1774,144,8.12
01/01/2009 12:00:00 AM,Unknown,F,80 +,1600,110,6.88
01/01/2009 12:00:00 AM,Unknown,M,0 to 9,4116,347,8.43
01/01/2009 12:00:00 AM,Unknown,M,10 to 19,6703,1361,20.3
01/01/2009 12:00:00 AM,Unknown,M,20 to 29,9404,1194,12.7
01/01/2009 12:00:00 AM,Unknown,M,30 to 39,6360,324,5.09
01/01/2009 12:00:00 AM,Unknown,M,40 to 49,5736,222,3.87
01/01/2009 12:00:00 AM,Unknown,M,50 to 59,4473,189,4.23
01/01/2009 12:00:00 AM,Unknown,M,60 to 69,3185,138,4.33
01/01/2009 12:00:00 AM,Unknown,M,70 to 79,1562,84,5.38
01/01/2009 12:00:00 AM,Unknown,M,80 +,815,32,3.93
01/01/2009 12:00:00 AM,Western,F,0 to 9,8486,806,9.5
01/01/2009 12:00:00 AM,Western,F,10 to 19,9997,1917,19.18
01/01/2009 12:00:00 AM,Western,F,20 to 29,9792,1439,14.7
01/01/2009 12:00:00 AM,Western,F,30 to 39,11415,1345,11.78
01/01/2009 12:00:00 AM,Western,F,40 to 49,15877,1646,10.37
01/01/2009 12:00:00 AM,Western,F,50 to 59,16972,1707,10.06
01/01/2009 12:00:00 AM,Western,F,60 to 69,13662,1411,10.33
01/01/2009 12:00:00 AM,Western,F,70 to 79,8323,745,8.95
01/01/2009 12:00:00 AM,Western,F,80 +,6813,485,7.12
01/01/2009 12:00:00 AM,Western,M,0 to 9,8923,1169,13.1
01/01/2009 12:00:00 AM,Western,M,10 to 19,10660,2506,23.51
01/01/2009 12:00:00 AM,Western,M,20 to 29,9867,1311,13.29
01/01/2009 12:00:00 AM,Western,M,30 to 39,11017,683,6.2
01/01/2009 12:00:00 AM,Western,M,40 to 49,15237,914,6
01/01/2009 12:00:00 AM,Western,M,50 to 59,16472,889,5.4
01/01/2009 12:00:00 AM,Western,M,60 to 69,13507,763,5.65
01/01/2009 12:00:00 AM,Western,M,70 to 79,7587,441,5.81
01/01/2009 12:00:00 AM,Western,M,80 +,4172,265,6.35
01/01/2010 12:00:00 AM,Central,F,0 to 9,19281,1525,7.91
01/01/2010 12:00:00 AM,Central,F,10 to 19,23137,4627,20
01/01/2010 12:00:00 AM,Central,F,20 to 29,27253,4370,16.03
01/01/2010 12:00:00 AM,Central,F,30 to 39,29314,3683,12.56
01/01/2010 12:00:00 AM,Central,F,40 to 49,33396,4042,12.1
01/01/2010 12:00:00 AM,Central,F,50 to 59,30883,3792,12.28
01/01/2010 12:00:00 AM,Central,F,60 to 69,21700,2836,13.07
01/01/2010 12:00:00 AM,Central,F,70 to 79,12215,1308,10.71
01/01/2010 12:00:00 AM,Central,F,80 +,10055,868,8.63
01/01/2010 12:00:00 AM,Central,M,0 to 9,20390,2338,11.47
01/01/2010 12:00:00 AM,Central,M,10 to 19,23856,6063,25.41
01/01/2010 12:00:00 AM,Central,M,20 to 29,27307,4398,16.11
01/01/2010 12:00:00 AM,Central,M,30 to 39,27222,2060,7.57
01/01/2010 12:00:00 AM,Central,M,40 to 49,31538,2048,6.49
01/01/2010 12:00:00 AM,Central,M,50 to 59,29281,1924,6.57
01/01/2010 12:00:00 AM,Central,M,60 to 69,20385,1297,6.36
01/01/2010 12:00:00 AM,Central,M,70 to 79,10476,674,6.43
01/01/2010 12:00:00 AM,Central,M,80 +,5510,334,6.06
01/01/2010 12:00:00 AM,Eastern,F,0 to 9,7085,504,7.11
01/01/2010 12:00:00 AM,Eastern,F,10 to 19,8306,1580,19.02
01/01/2010 12:00:00 AM,Eastern,F,20 to 29,8109,1127,13.9
01/01/2010 12:00:00 AM,Eastern,F,30 to 39,9073,904,9.96
01/01/2010 12:00:00 AM,Eastern,F,40 to 49,11716,1006,8.59
01/01/2010 12:00:00 AM,Eastern,F,50 to 59,14078,1221,8.67
01/01/2010 12:00:00 AM,Eastern,F,60 to 69,11273,1056,9.37
01/01/2010 12:00:00 AM,Eastern,F,70 to 79,6963,562,8.07
01/01/2010 12:00:00 AM,Eastern,F,80 +,5548,363,6.54
01/01/2010 12:00:00 AM,Eastern,M,0 to 9,7492,790,10.54
01/01/2010 12:00:00 AM,Eastern,M,10 to 19,8797,2235,25.41
01/01/2010 12:00:00 AM,Eastern,M,20 to 29,8643,1242,14.37
01/01/2010 12:00:00 AM,Eastern,M,30 to 39,8926,567,6.35
01/01/2010 12:00:00 AM,Eastern,M,40 to 49,11503,572,4.97
01/01/2010 12:00:00 AM,Eastern,M,50 to 59,13721,656,4.78
01/01/2010 12:00:00 AM,Eastern,M,60 to 69,11297,570,5.05
01/01/2010 12:00:00 AM,Eastern,M,70 to 79,6105,327,5.36
01/01/2010 12:00:00 AM,Eastern,M,80 +,3076,168,5.46
01/01/2010 12:00:00 AM,Northern,F,0 to 9,7408,580,7.83
01/01/2010 12:00:00 AM,Northern,F,10 to 19,7905,1420,17.96
01/01/2010 12:00:00 AM,Northern,F,20 to 29,7913,1146,14.48
01/01/2010 12:00:00 AM,Northern,F,30 to 39,9268,1128,12.17
01/01/2010 12:00:00 AM,Northern,F,40 to 49,11594,1191,10.27
01/01/2010 12:00:00 AM,Northern,F,50 to 59,12513,1288,10.29
01/01/2010 12:00:00 AM,Northern,F,60 to 69,9785,994,10.16
01/01/2010 12:00:00 AM,Northern,F,70 to 79,5840,539,9.23
01/01/2010 12:00:00 AM,Northern,F,80 +,5077,336,6.62
01/01/2010 12:00:00 AM,Northern,M,0 to 9,7656,839,10.96
01/01/2010 12:00:00 AM,Northern,M,10 to 19,8675,2087,24.06
01/01/2010 12:00:00 AM,Northern,M,20 to 29,8074,1129,13.98
01/01/2010 12:00:00 AM,Northern,M,30 to 39,8964,593,6.62
01/01/2010 12:00:00 AM,Northern,M,40 to 49,11404,598,5.24
01/01/2010 12:00:00 AM,Northern,M,50 to 59,12340,632,5.12
01/01/2010 12:00:00 AM,Northern,M,60 to 69,9858,478,4.85
01/01/2010 12:00:00 AM,Northern,M,70 to 79,5263,251,4.77
01/01/2010 12:00:00 AM,Northern,M,80 +,2844,180,6.33
01/01/2010 12:00:00 AM,Unknown,F,0 to 9,3830,227,5.93
01/01/2010 12:00:00 AM,Unknown,F,10 to 19,6229,966,15.51
01/01/2010 12:00:00 AM,Unknown,F,20 to 29,10147,1288,12.69
01/01/2010 12:00:00 AM,Unknown,F,30 to 39,6427,531,8.26
01/01/2010 12:00:00 AM,Unknown,F,40 to 49,5844,464,7.94
01/01/2010 12:00:00 AM,Unknown,F,50 to 59,4932,426,8.64
01/01/2010 12:00:00 AM,Unknown,F,60 to 69,3555,301,8.47
01/01/2010 12:00:00 AM,Unknown,F,70 to 79,1790,154,8.6
01/01/2010 12:00:00 AM,Unknown,F,80 +,1586,105,6.62
01/01/2010 12:00:00 AM,Unknown,M,0 to 9,3995,319,7.98
01/01/2010 12:00:00 AM,Unknown,M,10 to 19,5842,1169,20.01
01/01/2010 12:00:00 AM,Unknown,M,20 to 29,9426,1301,13.8
01/01/2010 12:00:00 AM,Unknown,M,30 to 39,6004,324,5.4
01/01/2010 12:00:00 AM,Unknown,M,40 to 49,5647,215,3.81
01/01/2010 12:00:00 AM,Unknown,M,50 to 59,4436,202,4.55
01/01/2010 12:00:00 AM,Unknown,M,60 to 69,3248,143,4.4
01/01/2010 12:00:00 AM,Unknown,M,70 to 79,1568,80,5.1
01/01/2010 12:00:00 AM,Unknown,M,80 +,798,31,3.88
01/01/2010 12:00:00 AM,Western,F,0 to 9,8455,753,8.91
01/01/2010 12:00:00 AM,Western,F,10 to 19,9949,1885,18.95
01/01/2010 12:00:00 AM,Western,F,20 to 29,9924,1534,15.46
01/01/2010 12:00:00 AM,Western,F,30 to 39,11296,1371,12.14
01/01/2010 12:00:00 AM,Western,F,40 to 49,15446,1646,10.66
01/01/2010 12:00:00 AM,Western,F,50 to 59,17349,1804,10.4
01/01/2010 12:00:00 AM,Western,F,60 to 69,14284,1513,10.59
01/01/2010 12:00:00 AM,Western,F,70 to 79,8525,766,8.99
01/01/2010 12:00:00 AM,Western,F,80 +,6946,522,7.52
01/01/2010 12:00:00 AM,Western,M,0 to 9,8811,1077,12.22
01/01/2010 12:00:00 AM,Western,M,10 to 19,10656,2557,24
01/01/2010 12:00:00 AM,Western,M,20 to 29,10054,1469,14.61
01/01/2010 12:00:00 AM,Western,M,30 to 39,10809,703,6.5
01/01/2010 12:00:00 AM,Western,M,40 to 49,14947,899,6.01
01/01/2010 12:00:00 AM,Western,M,50 to 59,16830,950,5.64
01/01/2010 12:00:00 AM,Western,M,60 to 69,13936,795,5.7
01/01/2010 12:00:00 AM,Western,M,70 to 79,7915,476,6.01
01/01/2010 12:00:00 AM,Western,M,80 +,4260,264,6.2
01/01/2011 12:00:00 AM,Central,F,0 to 9,19471,1463,7.51
01/01/2011 12:00:00 AM,Central,F,10 to 19,22723,4431,19.5
01/01/2011 12:00:00 AM,Central,F,20 to 29,27787,4595,16.54
01/01/2011 12:00:00 AM,Central,F,30 to 39,29535,3795,12.85
01/01/2011 12:00:00 AM,Central,F,40 to 49,33313,4098,12.3
01/01/2011 12:00:00 AM,Central,F,50 to 59,31896,3995,12.53
01/01/2011 12:00:00 AM,Central,F,60 to 69,22702,2982,13.14
01/01/2011 12:00:00 AM,Central,F,70 to 79,12547,1410,11.24
01/01/2011 12:00:00 AM,Central,F,80 +,10264,907,8.84
01/01/2011 12:00:00 AM,Central,M,0 to 9,20641,2137,10.35
01/01/2011 12:00:00 AM,Central,M,10 to 19,23471,5952,25.36
01/01/2011 12:00:00 AM,Central,M,20 to 29,28003,4773,17.04
01/01/2011 12:00:00 AM,Central,M,30 to 39,27397,2222,8.11
01/01/2011 12:00:00 AM,Central,M,40 to 49,31344,2056,6.56
01/01/2011 12:00:00 AM,Central,M,50 to 59,30479,2035,6.68
01/01/2011 12:00:00 AM,Central,M,60 to 69,21137,1403,6.64
01/01/2011 12:00:00 AM,Central,M,70 to 79,10856,711,6.55
01/01/2011 12:00:00 AM,Central,M,80 +,5744,372,6.48
01/01/2011 12:00:00 AM,Eastern,F,0 to 9,7019,462,6.58
01/01/2011 12:00:00 AM,Eastern,F,10 to 19,8277,1572,18.99
01/01/2011 12:00:00 AM,Eastern,F,20 to 29,8136,1211,14.88
01/01/2011 12:00:00 AM,Eastern,F,30 to 39,8944,939,10.5
01/01/2011 12:00:00 AM,Eastern,F,40 to 49,11444,1010,8.83
01/01/2011 12:00:00 AM,Eastern,F,50 to 59,14173,1244,8.78
01/01/2011 12:00:00 AM,Eastern,F,60 to 69,11645,1120,9.62
01/01/2011 12:00:00 AM,Eastern,F,70 to 79,7081,590,8.33
01/01/2011 12:00:00 AM,Eastern,F,80 +,5642,382,6.77
01/01/2011 12:00:00 AM,Eastern,M,0 to 9,7430,752,10.12
01/01/2011 12:00:00 AM,Eastern,M,10 to 19,8660,2202,25.43
01/01/2011 12:00:00 AM,Eastern,M,20 to 29,8764,1380,15.75
01/01/2011 12:00:00 AM,Eastern,M,30 to 39,8812,592,6.72
01/01/2011 12:00:00 AM,Eastern,M,40 to 49,11242,584,5.19
01/01/2011 12:00:00 AM,Eastern,M,50 to 59,13768,679,4.93
01/01/2011 12:00:00 AM,Eastern,M,60 to 69,11609,603,5.19
01/01/2011 12:00:00 AM,Eastern,M,70 to 79,6332,342,5.4
01/01/2011 12:00:00 AM,Eastern,M,80 +,3132,181,5.78
01/01/2011 12:00:00 AM,Northern,F,0 to 9,7368,533,7.23
01/01/2011 12:00:00 AM,Northern,F,10 to 19,7942,1402,17.65
01/01/2011 12:00:00 AM,Northern,F,20 to 29,7921,1217,15.36
01/01/2011 12:00:00 AM,Northern,F,30 to 39,9152,1152,12.59
01/01/2011 12:00:00 AM,Northern,F,40 to 49,11385,1207,10.6
01/01/2011 12:00:00 AM,Northern,F,50 to 59,12780,1322,10.34
01/01/2011 12:00:00 AM,Northern,F,60 to 69,10104,1042,10.31
01/01/2011 12:00:00 AM,Northern,F,70 to 79,5982,571,9.55
01/01/2011 12:00:00 AM,Northern,F,80 +,5066,353,6.97
01/01/2011 12:00:00 AM,Northern,M,0 to 9,7619,749,9.83
01/01/2011 12:00:00 AM,Northern,M,10 to 19,8661,2070,23.9
01/01/2011 12:00:00 AM,Northern,M,20 to 29,8190,1272,15.53
01/01/2011 12:00:00 AM,Northern,M,30 to 39,8809,608,6.9
01/01/2011 12:00:00 AM,Northern,M,40 to 49,11256,604,5.37
01/01/2011 12:00:00 AM,Northern,M,50 to 59,12450,655,5.26
01/01/2011 12:00:00 AM,Northern,M,60 to 69,10245,522,5.1
01/01/2011 12:00:00 AM,Northern,M,70 to 79,5437,257,4.73
01/01/2011 12:00:00 AM,Northern,M,80 +,2908,190,6.53
01/01/2011 12:00:00 AM,Unknown,F,0 to 9,3791,194,5.12
01/01/2011 12:00:00 AM,Unknown,F,10 to 19,5421,837,15.44
01/01/2011 12:00:00 AM,Unknown,F,20 to 29,9838,1276,12.97
01/01/2011 12:00:00 AM,Unknown,F,30 to 39,6187,529,8.55
01/01/2011 12:00:00 AM,Unknown,F,40 to 49,5674,461,8.12
01/01/2011 12:00:00 AM,Unknown,F,50 to 59,4901,415,8.47
01/01/2011 12:00:00 AM,Unknown,F,60 to 69,3583,315,8.79
01/01/2011 12:00:00 AM,Unknown,F,70 to 79,1796,151,8.41
01/01/2011 12:00:00 AM,Unknown,F,80 +,1537,104,6.77
01/01/2011 12:00:00 AM,Unknown,M,0 to 9,3952,310,7.84
01/01/2011 12:00:00 AM,Unknown,M,10 to 19,5039,976,19.37
01/01/2011 12:00:00 AM,Unknown,M,20 to 29,9103,1380,15.16
01/01/2011 12:00:00 AM,Unknown,M,30 to 39,5810,320,5.51
01/01/2011 12:00:00 AM,Unknown,M,40 to 49,5450,224,4.11
01/01/2011 12:00:00 AM,Unknown,M,50 to 59,4500,198,4.4
01/01/2011 12:00:00 AM,Unknown,M,60 to 69,3271,146,4.46
01/01/2011 12:00:00 AM,Unknown,M,70 to 79,1603,89,5.55
01/01/2011 12:00:00 AM,Unknown,M,80 +,809,36,4.45
01/01/2011 12:00:00 AM,Western,F,0 to 9,8424,688,8.17
01/01/2011 12:00:00 AM,Western,F,10 to 19,9999,1874,18.74
01/01/2011 12:00:00 AM,Western,F,20 to 29,10002,1631,16.31
01/01/2011 12:00:00 AM,Western,F,30 to 39,11115,1383,12.44
01/01/2011 12:00:00 AM,Western,F,40 to 49,15083,1630,10.81
01/01/2011 12:00:00 AM,Western,F,50 to 59,17689,1889,10.68
01/01/2011 12:00:00 AM,Western,F,60 to 69,14757,1607,10.89
01/01/2011 12:00:00 AM,Western,F,70 to 79,8724,786,9.01
01/01/2011 12:00:00 AM,Western,F,80 +,7095,542,7.64
01/01/2011 12:00:00 AM,Western,M,0 to 9,8776,983,11.2
01/01/2011 12:00:00 AM,Western,M,10 to 19,10646,2541,23.87
01/01/2011 12:00:00 AM,Western,M,20 to 29,10182,1642,16.13
01/01/2011 12:00:00 AM,Western,M,30 to 39,10694,726,6.79
01/01/2011 12:00:00 AM,Western,M,40 to 49,14479,892,6.16
01/01/2011 12:00:00 AM,Western,M,50 to 59,17142,992,5.79
01/01/2011 12:00:00 AM,Western,M,60 to 69,14407,851,5.91
01/01/2011 12:00:00 AM,Western,M,70 to 79,8188,503,6.14
01/01/2011 12:00:00 AM,Western,M,80 +,4381,269,6.14
01/01/2012 12:00:00 AM,Central,F,0 to 9,19621,1344,6.85
01/01/2012 12:00:00 AM,Central,F,10 to 19,22289,4216,18.92
01/01/2012 12:00:00 AM,Central,F,20 to 29,28021,4809,17.16
01/01/2012 12:00:00 AM,Central,F,30 to 39,29927,3913,13.08
01/01/2012 12:00:00 AM,Central,F,40 to 49,32956,4087,12.4
01/01/2012 12:00:00 AM,Central,F,50 to 59,32918,4232,12.86
01/01/2012 12:00:00 AM,Central,F,60 to 69,23635,3117,13.19
01/01/2012 12:00:00 AM,Central,F,70 to 79,13019,1555,11.94
01/01/2012 12:00:00 AM,Central,F,80 +,10434,930,8.91
01/01/2012 12:00:00 AM,Central,M,0 to 9,20819,1963,9.43
01/01/2012 12:00:00 AM,Central,M,10 to 19,23118,5772,24.97
01/01/2012 12:00:00 AM,Central,M,20 to 29,28345,5140,18.13
01/01/2012 12:00:00 AM,Central,M,30 to 39,27709,2333,8.42
01/01/2012 12:00:00 AM,Central,M,40 to 49,30990,2101,6.78
01/01/2012 12:00:00 AM,Central,M,50 to 59,31632,2143,6.77
01/01/2012 12:00:00 AM,Central,M,60 to 69,22052,1484,6.73
01/01/2012 12:00:00 AM,Central,M,70 to 79,11313,777,6.87
01/01/2012 12:00:00 AM,Central,M,80 +,5949,382,6.42
01/01/2012 12:00:00 AM,Eastern,F,0 to 9,6985,427,6.11
01/01/2012 12:00:00 AM,Eastern,F,10 to 19,8186,1549,18.92
01/01/2012 12:00:00 AM,Eastern,F,20 to 29,8197,1305,15.92
01/01/2012 12:00:00 AM,Eastern,F,30 to 39,8860,959,10.82
01/01/2012 12:00:00 AM,Eastern,F,40 to 49,11056,1021,9.23
01/01/2012 12:00:00 AM,Eastern,F,50 to 59,14236,1238,8.7
01/01/2012 12:00:00 AM,Eastern,F,60 to 69,12026,1178,9.8
01/01/2012 12:00:00 AM,Eastern,F,70 to 79,7291,636,8.72
01/01/2012 12:00:00 AM,Eastern,F,80 +,5676,393,6.92
01/01/2012 12:00:00 AM,Eastern,M,0 to 9,7345,689,9.38
01/01/2012 12:00:00 AM,Eastern,M,10 to 19,8541,2160,25.29
01/01/2012 12:00:00 AM,Eastern,M,20 to 29,8792,1516,17.24
01/01/2012 12:00:00 AM,Eastern,M,30 to 39,8827,639,7.24
01/01/2012 12:00:00 AM,Eastern,M,40 to 49,10903,566,5.19
01/01/2012 12:00:00 AM,Eastern,M,50 to 59,13712,716,5.22
01/01/2012 12:00:00 AM,Eastern,M,60 to 69,11972,624,5.21
01/01/2012 12:00:00 AM,Eastern,M,70 to 79,6587,368,5.59
01/01/2012 12:00:00 AM,Eastern,M,80 +,3249,184,5.66
01/01/2012 12:00:00 AM,Northern,F,0 to 9,7288,473,6.49
01/01/2012 12:00:00 AM,Northern,F,10 to 19,7919,1390,17.55
01/01/2012 12:00:00 AM,Northern,F,20 to 29,7933,1276,16.08
01/01/2012 12:00:00 AM,Northern,F,30 to 39,9109,1161,12.75
01/01/2012 12:00:00 AM,Northern,F,40 to 49,11155,1219,10.93
01/01/2012 12:00:00 AM,Northern,F,50 to 59,12930,1338,10.35
01/01/2012 12:00:00 AM,Northern,F,60 to 69,10456,1100,10.52
01/01/2012 12:00:00 AM,Northern,F,70 to 79,6187,607,9.81
01/01/2012 12:00:00 AM,Northern,F,80 +,5069,368,7.26
01/01/2012 12:00:00 AM,Northern,M,0 to 9,7586,657,8.66
01/01/2012 12:00:00 AM,Northern,M,10 to 19,8582,2057,23.97
01/01/2012 12:00:00 AM,Northern,M,20 to 29,8286,1401,16.91
01/01/2012 12:00:00 AM,Northern,M,30 to 39,8696,640,7.36
01/01/2012 12:00:00 AM,Northern,M,40 to 49,11088,591,5.33
01/01/2012 12:00:00 AM,Northern,M,50 to 59,12507,695,5.56
01/01/2012 12:00:00 AM,Northern,M,60 to 69,10502,538,5.12
01/01/2012 12:00:00 AM,Northern,M,70 to 79,5699,280,4.91
01/01/2012 12:00:00 AM,Northern,M,80 +,2956,187,6.33
01/01/2012 12:00:00 AM,Unknown,F,0 to 9,3732,175,4.69
01/01/2012 12:00:00 AM,Unknown,F,10 to 19,4605,683,14.83
01/01/2012 12:00:00 AM,Unknown,F,20 to 29,9350,1252,13.39
01/01/2012 12:00:00 AM,Unknown,F,30 to 39,5973,517,8.66
01/01/2012 12:00:00 AM,Unknown,F,40 to 49,5338,442,8.28
01/01/2012 12:00:00 AM,Unknown,F,50 to 59,4888,416,8.51
01/01/2012 12:00:00 AM,Unknown,F,60 to 69,3585,319,8.9
01/01/2012 12:00:00 AM,Unknown,F,70 to 79,1786,158,8.85
01/01/2012 12:00:00 AM,Unknown,F,80 +,1487,100,6.72
01/01/2012 12:00:00 AM,Unknown,M,0 to 9,3833,298,7.77
01/01/2012 12:00:00 AM,Unknown,M,10 to 19,4264,820,19.23
01/01/2012 12:00:00 AM,Unknown,M,20 to 29,8536,1331,15.59
01/01/2012 12:00:00 AM,Unknown,M,30 to 39,5496,314,5.71
01/01/2012 12:00:00 AM,Unknown,M,40 to 49,5172,214,4.14
01/01/2012 12:00:00 AM,Unknown,M,50 to 59,4459,201,4.51
01/01/2012 12:00:00 AM,Unknown,M,60 to 69,3214,143,4.45
01/01/2012 12:00:00 AM,Unknown,M,70 to 79,1645,90,5.47
01/01/2012 12:00:00 AM,Unknown,M,80 +,832,39,4.69
01/01/2012 12:00:00 AM,Western,F,0 to 9,8385,609,7.26
01/01/2012 12:00:00 AM,Western,F,10 to 19,9939,1835,18.46
01/01/2012 12:00:00 AM,Western,F,20 to 29,10064,1701,16.9
01/01/2012 12:00:00 AM,Western,F,30 to 39,11008,1414,12.85
01/01/2012 12:00:00 AM,Western,F,40 to 49,14678,1642,11.19
01/01/2012 12:00:00 AM,Western,F,50 to 59,17969,1903,10.59
01/01/2012 12:00:00 AM,Western,F,60 to 69,15173,1692,11.15
01/01/2012 12:00:00 AM,Western,F,70 to 79,9091,858,9.44
01/01/2012 12:00:00 AM,Western,F,80 +,7199,563,7.82
01/01/2012 12:00:00 AM,Western,M,0 to 9,8790,859,9.77
01/01/2012 12:00:00 AM,Western,M,10 to 19,10551,2524,23.92
01/01/2012 12:00:00 AM,Western,M,20 to 29,10306,1830,17.76
01/01/2012 12:00:00 AM,Western,M,30 to 39,10545,753,7.14
01/01/2012 12:00:00 AM,Western,M,40 to 49,14128,900,6.37
01/01/2012 12:00:00 AM,Western,M,50 to 59,17385,1022,5.88
01/01/2012 12:00:00 AM,Western,M,60 to 69,14831,887,5.98
01/01/2012 12:00:00 AM,Western,M,70 to 79,8487,531,6.26
01/01/2012 12:00:00 AM,Western,M,80 +,4519,285,6.31
01/01/2013 12:00:00 AM,Central,F,0 to 9,19726,1208,6.12
01/01/2013 12:00:00 AM,Central,F,10 to 19,22044,4055,18.4
01/01/2013 12:00:00 AM,Central,F,20 to 29,28636,5026,17.55
01/01/2013 12:00:00 AM,Central,F,30 to 39,30165,4002,13.27
01/01/2013 12:00:00 AM,Central,F,40 to 49,32795,4069,12.41
01/01/2013 12:00:00 AM,Central,F,50 to 59,33806,4425,13.09
01/01/2013 12:00:00 AM,Central,F,60 to 69,24676,3292,13.34
01/01/2013 12:00:00 AM,Central,F,70 to 79,13562,1638,12.08
01/01/2013 12:00:00 AM,Central,F,80 +,10616,981,9.24
01/01/2013 12:00:00 AM,Central,M,0 to 9,20935,1777,8.49
01/01/2013 12:00:00 AM,Central,M,10 to 19,22843,5556,24.32
01/01/2013 12:00:00 AM,Central,M,20 to 29,28760,5529,19.22
01/01/2013 12:00:00 AM,Central,M,30 to 39,28326,2517,8.89
01/01/2013 12:00:00 AM,Central,M,40 to 49,30706,2130,6.94
01/01/2013 12:00:00 AM,Central,M,50 to 59,32796,2256,6.88
01/01/2013 12:00:00 AM,Central,M,60 to 69,22990,1537,6.69
01/01/2013 12:00:00 AM,Central,M,70 to 79,11890,855,7.19
01/01/2013 12:00:00 AM,Central,M,80 +,6131,398,6.49
01/01/2013 12:00:00 AM,Eastern,F,0 to 9,6967,406,5.83
01/01/2013 12:00:00 AM,Eastern,F,10 to 19,8058,1484,18.42
01/01/2013 12:00:00 AM,Eastern,F,20 to 29,8253,1405,17.02
01/01/2013 12:00:00 AM,Eastern,F,30 to 39,8800,965,10.97
01/01/2013 12:00:00 AM,Eastern,F,40 to 49,10788,1032,9.57
01/01/2013 12:00:00 AM,Eastern,F,50 to 59,14150,1250,8.83
01/01/2013 12:00:00 AM,Eastern,F,60 to 69,12368,1219,9.86
01/01/2013 12:00:00 AM,Eastern,F,70 to 79,7568,713,9.42
01/01/2013 12:00:00 AM,Eastern,F,80 +,5740,393,6.85
01/01/2013 12:00:00 AM,Eastern,M,0 to 9,7219,632,8.75
01/01/2013 12:00:00 AM,Eastern,M,10 to 19,8517,2105,24.72
01/01/2013 12:00:00 AM,Eastern,M,20 to 29,8802,1651,18.76
01/01/2013 12:00:00 AM,Eastern,M,30 to 39,8882,677,7.62
01/01/2013 12:00:00 AM,Eastern,M,40 to 49,10641,580,5.45
01/01/2013 12:00:00 AM,Eastern,M,50 to 59,13605,730,5.37
01/01/2013 12:00:00 AM,Eastern,M,60 to 69,12324,641,5.2
01/01/2013 12:00:00 AM,Eastern,M,70 to 79,6872,414,6.02
01/01/2013 12:00:00 AM,Eastern,M,80 +,3320,194,5.84
01/01/2013 12:00:00 AM,Northern,F,0 to 9,7185,415,5.78
01/01/2013 12:00:00 AM,Northern,F,10 to 19,7923,1359,17.15
01/01/2013 12:00:00 AM,Northern,F,20 to 29,7929,1330,16.77
01/01/2013 12:00:00 AM,Northern,F,30 to 39,9002,1171,13.01
01/01/2013 12:00:00 AM,Northern,F,40 to 49,11029,1229,11.14
01/01/2013 12:00:00 AM,Northern,F,50 to 59,12960,1349,10.41
01/01/2013 12:00:00 AM,Northern,F,60 to 69,10888,1173,10.77
01/01/2013 12:00:00 AM,Northern,F,70 to 79,6370,618,9.7
01/01/2013 12:00:00 AM,Northern,F,80 +,5101,375,7.35
01/01/2013 12:00:00 AM,Northern,M,0 to 9,7570,608,8.03
01/01/2013 12:00:00 AM,Northern,M,10 to 19,8481,1991,23.48
01/01/2013 12:00:00 AM,Northern,M,20 to 29,8306,1516,18.25
01/01/2013 12:00:00 AM,Northern,M,30 to 39,8762,677,7.73
01/01/2013 12:00:00 AM,Northern,M,40 to 49,10897,605,5.55
01/01/2013 12:00:00 AM,Northern,M,50 to 59,12618,720,5.71
01/01/2013 12:00:00 AM,Northern,M,60 to 69,10820,553,5.11
01/01/2013 12:00:00 AM,Northern,M,70 to 79,5978,295,4.93
01/01/2013 12:00:00 AM,Northern,M,80 +,3041,187,6.15
01/01/2013 12:00:00 AM,Unknown,F,0 to 9,3458,138,3.99
01/01/2013 12:00:00 AM,Unknown,F,10 to 19,3844,544,14.15
01/01/2013 12:00:00 AM,Unknown,F,20 to 29,8627,1170,13.56
01/01/2013 12:00:00 AM,Unknown,F,30 to 39,5559,497,8.94
01/01/2013 12:00:00 AM,Unknown,F,40 to 49,4976,426,8.56
01/01/2013 12:00:00 AM,Unknown,F,50 to 59,4724,402,8.51
01/01/2013 12:00:00 AM,Unknown,F,60 to 69,3523,317,9
01/01/2013 12:00:00 AM,Unknown,F,70 to 79,1841,178,9.67
01/01/2013 12:00:00 AM,Unknown,F,80 +,1437,100,6.96
01/01/2013 12:00:00 AM,Unknown,M,0 to 9,3510,226,6.44
01/01/2013 12:00:00 AM,Unknown,M,10 to 19,3586,673,18.77
01/01/2013 12:00:00 AM,Unknown,M,20 to 29,7664,1221,15.93
01/01/2013 12:00:00 AM,Unknown,M,30 to 39,5175,297,5.74
01/01/2013 12:00:00 AM,Unknown,M,40 to 49,4800,199,4.15
01/01/2013 12:00:00 AM,Unknown,M,50 to 59,4470,199,4.45
01/01/2013 12:00:00 AM,Unknown,M,60 to 69,3205,135,4.21
01/01/2013 12:00:00 AM,Unknown,M,70 to 79,1633,89,5.45
01/01/2013 12:00:00 AM,Unknown,M,80 +,869,39,4.49
01/01/2013 12:00:00 AM,Western,F,0 to 9,8339,546,6.55
01/01/2013 12:00:00 AM,Western,F,10 to 19,9820,1830,18.64
01/01/2013 12:00:00 AM,Western,F,20 to 29,10147,1747,17.22
01/01/2013 12:00:00 AM,Western,F,30 to 39,10972,1449,13.21
01/01/2013 12:00:00 AM,Western,F,40 to 49,14139,1601,11.32
01/01/2013 12:00:00 AM,Western,F,50 to 59,18252,1942,10.64
01/01/2013 12:00:00 AM,Western,F,60 to 69,15626,1780,11.39
01/01/2013 12:00:00 AM,Western,F,70 to 79,9463,898,9.49
01/01/2013 12:00:00 AM,Western,F,80 +,7298,580,7.95
01/01/2013 12:00:00 AM,Western,M,0 to 9,8703,729,8.38
01/01/2013 12:00:00 AM,Western,M,10 to 19,10479,2490,23.76
01/01/2013 12:00:00 AM,Western,M,20 to 29,10411,1969,18.91
01/01/2013 12:00:00 AM,Western,M,30 to 39,10497,817,7.78
01/01/2013 12:00:00 AM,Western,M,40 to 49,13742,887,6.45
01/01/2013 12:00:00 AM,Western,M,50 to 59,17598,1060,6.02
01/01/2013 12:00:00 AM,Western,M,60 to 69,15287,922,6.03
01/01/2013 12:00:00 AM,Western,M,70 to 79,8837,554,6.27
01/01/2013 12:00:00 AM,Western,M,80 +,4607,295,6.4
01/01/2014 12:00:00 AM,Central,F,0 to 9,19877,1073,5.4
01/01/2014 12:00:00 AM,Central,F,10 to 19,21876,3861,17.65
01/01/2014 12:00:00 AM,Central,F,20 to 29,28982,5229,18.04
01/01/2014 12:00:00 AM,Central,F,30 to 39,30667,4100,13.37
01/01/2014 12:00:00 AM,Central,F,40 to 49,32411,4114,12.69
01/01/2014 12:00:00 AM,Central,F,50 to 59,34632,4539,13.11
01/01/2014 12:00:00 AM,Central,F,60 to 69,25737,3410,13.25
01/01/2014 12:00:00 AM,Central,F,70 to 79,14198,1801,12.68
01/01/2014 12:00:00 AM,Central,F,80 +,10749,1012,9.41
01/01/2014 12:00:00 AM,Central,M,0 to 9,21173,1613,7.62
01/01/2014 12:00:00 AM,Central,M,10 to 19,22637,5342,23.6
01/01/2014 12:00:00 AM,Central,M,20 to 29,29130,5829,20.01
01/01/2014 12:00:00 AM,Central,M,30 to 39,28921,2735,9.46
01/01/2014 12:00:00 AM,Central,M,40 to 49,30421,2153,7.08
01/01/2014 12:00:00 AM,Central,M,50 to 59,33576,2330,6.94
01/01/2014 12:00:00 AM,Central,M,60 to 69,23952,1619,6.76
01/01/2014 12:00:00 AM,Central,M,70 to 79,12535,923,7.36
01/01/2014 12:00:00 AM,Central,M,80 +,6346,424,6.68
01/01/2014 12:00:00 AM,Eastern,F,0 to 9,6852,360,5.25
01/01/2014 12:00:00 AM,Eastern,F,10 to 19,8009,1418,17.71
01/01/2014 12:00:00 AM,Eastern,F,20 to 29,8336,1486,17.83
01/01/2014 12:00:00 AM,Eastern,F,30 to 39,8717,998,11.45
01/01/2014 12:00:00 AM,Eastern,F,40 to 49,10455,1038,9.93
01/01/2014 12:00:00 AM,Eastern,F,50 to 59,14117,1265,8.96
01/01/2014 12:00:00 AM,Eastern,F,60 to 69,12799,1263,9.87
01/01/2014 12:00:00 AM,Eastern,F,70 to 79,7823,762,9.74
01/01/2014 12:00:00 AM,Eastern,F,80 +,5783,399,6.9
01/01/2014 12:00:00 AM,Eastern,M,0 to 9,7192,599,8.33
01/01/2014 12:00:00 AM,Eastern,M,10 to 19,8412,1987,23.62
01/01/2014 12:00:00 AM,Eastern,M,20 to 29,8894,1803,20.27
01/01/2014 12:00:00 AM,Eastern,M,30 to 39,8784,737,8.39
01/01/2014 12:00:00 AM,Eastern,M,40 to 49,10443,610,5.84
01/01/2014 12:00:00 AM,Eastern,M,50 to 59,13451,731,5.43
01/01/2014 12:00:00 AM,Eastern,M,60 to 69,12767,664,5.2
01/01/2014 12:00:00 AM,Eastern,M,70 to 79,7053,432,6.13
01/01/2014 12:00:00 AM,Eastern,M,80 +,3405,207,6.08
01/01/2014 12:00:00 AM,Northern,F,0 to 9,7130,385,5.4
01/01/2014 12:00:00 AM,Northern,F,10 to 19,7887,1292,16.38
01/01/2014 12:00:00 AM,Northern,F,20 to 29,8014,1413,17.63
01/01/2014 12:00:00 AM,Northern,F,30 to 39,8876,1152,12.98
01/01/2014 12:00:00 AM,Northern,F,40 to 49,10845,1251,11.54
01/01/2014 12:00:00 AM,Northern,F,50 to 59,12930,1373,10.62
01/01/2014 12:00:00 AM,Northern,F,60 to 69,11382,1228,10.79
01/01/2014 12:00:00 AM,Northern,F,70 to 79,6533,649,9.93
01/01/2014 12:00:00 AM,Northern,F,80 +,5127,390,7.61
01/01/2014 12:00:00 AM,Northern,M,0 to 9,7531,553,7.34
01/01/2014 12:00:00 AM,Northern,M,10 to 19,8384,1897,22.63
01/01/2014 12:00:00 AM,Northern,M,20 to 29,8338,1635,19.61
01/01/2014 12:00:00 AM,Northern,M,30 to 39,8729,712,8.16
01/01/2014 12:00:00 AM,Northern,M,40 to 49,10562,620,5.87
01/01/2014 12:00:00 AM,Northern,M,50 to 59,12713,736,5.79
01/01/2014 12:00:00 AM,Northern,M,60 to 69,11190,579,5.17
01/01/2014 12:00:00 AM,Northern,M,70 to 79,6230,315,5.06
01/01/2014 12:00:00 AM,Northern,M,80 +,3106,177,5.7
01/01/2014 12:00:00 AM,Unknown,F,0 to 9,3197,130,4.07
01/01/2014 12:00:00 AM,Unknown,F,10 to 19,3160,423,13.39
01/01/2014 12:00:00 AM,Unknown,F,20 to 29,7654,1055,13.78
01/01/2014 12:00:00 AM,Unknown,F,30 to 39,5090,445,8.74
01/01/2014 12:00:00 AM,Unknown,F,40 to 49,4552,388,8.52
01/01/2014 12:00:00 AM,Unknown,F,50 to 59,4550,403,8.86
01/01/2014 12:00:00 AM,Unknown,F,60 to 69,3477,323,9.29
01/01/2014 12:00:00 AM,Unknown,F,70 to 79,1841,179,9.72
01/01/2014 12:00:00 AM,Unknown,F,80 +,1387,98,7.07
01/01/2014 12:00:00 AM,Unknown,M,0 to 9,3238,192,5.93
01/01/2014 12:00:00 AM,Unknown,M,10 to 19,3009,530,17.61
01/01/2014 12:00:00 AM,Unknown,M,20 to 29,6728,1090,16.2
01/01/2014 12:00:00 AM,Unknown,M,30 to 39,4724,299,6.33
01/01/2014 12:00:00 AM,Unknown,M,40 to 49,4368,185,4.24
01/01/2014 12:00:00 AM,Unknown,M,50 to 59,4296,195,4.54
01/01/2014 12:00:00 AM,Unknown,M,60 to 69,3140,128,4.08
01/01/2014 12:00:00 AM,Unknown,M,70 to 79,1648,89,5.4
01/01/2014 12:00:00 AM,Unknown,M,80 +,887,45,5.07
01/01/2014 12:00:00 AM,Western,F,0 to 9,8365,476,5.69
01/01/2014 12:00:00 AM,Western,F,10 to 19,9717,1772,18.24
01/01/2014 12:00:00 AM,Western,F,20 to 29,10195,1831,17.96
01/01/2014 12:00:00 AM,Western,F,30 to 39,10944,1454,13.29
01/01/2014 12:00:00 AM,Western,F,40 to 49,13683,1582,11.56
01/01/2014 12:00:00 AM,Western,F,50 to 59,18348,2022,11.02
01/01/2014 12:00:00 AM,Western,F,60 to 69,16229,1848,11.39
01/01/2014 12:00:00 AM,Western,F,70 to 79,9770,981,10.04
01/01/2014 12:00:00 AM,Western,F,80 +,7436,600,8.07
01/01/2014 12:00:00 AM,Western,M,0 to 9,8754,651,7.44
01/01/2014 12:00:00 AM,Western,M,10 to 19,10317,2409,23.35
01/01/2014 12:00:00 AM,Western,M,20 to 29,10476,2126,20.29
01/01/2014 12:00:00 AM,Western,M,30 to 39,10479,883,8.43
01/01/2014 12:00:00 AM,Western,M,40 to 49,13282,884,6.66
01/01/2014 12:00:00 AM,Western,M,50 to 59,17698,1058,5.98
01/01/2014 12:00:00 AM,Western,M,60 to 69,15747,972,6.17
01/01/2014 12:00:00 AM,Western,M,70 to 79,9167,581,6.34
01/01/2014 12:00:00 AM,Western,M,80 +,4784,304,6.35
01/01/2015 12:00:00 AM,Central,F,0 to 9,20303,979,4.82
01/01/2015 12:00:00 AM,Central,F,10 to 19,21684,3643,16.8
01/01/2015 12:00:00 AM,Central,F,20 to 29,29557,5381,18.21
01/01/2015 12:00:00 AM,Central,F,30 to 39,31290,4196,13.41
01/01/2015 12:00:00 AM,Central,F,40 to 49,32516,4167,12.82
01/01/2015 12:00:00 AM,Central,F,50 to 59,35039,4633,13.22
01/01/2015 12:00:00 AM,Central,F,60 to 69,26923,3650,13.56
01/01/2015 12:00:00 AM,Central,F,70 to 79,14924,1919,12.86
01/01/2015 12:00:00 AM,Central,F,80 +,10710,1013,9.46
01/01/2015 12:00:00 AM,Central,M,0 to 9,21553,1511,7.01
01/01/2015 12:00:00 AM,Central,M,10 to 19,22652,5055,22.32
01/01/2015 12:00:00 AM,Central,M,20 to 29,29485,6079,20.62
01/01/2015 12:00:00 AM,Central,M,30 to 39,29802,3035,10.18
01/01/2015 12:00:00 AM,Central,M,40 to 49,30434,2210,7.26
01/01/2015 12:00:00 AM,Central,M,50 to 59,34170,2429,7.11
01/01/2015 12:00:00 AM,Central,M,60 to 69,24985,1697,6.79
01/01/2015 12:00:00 AM,Central,M,70 to 79,13153,959,7.29
01/01/2015 12:00:00 AM,Central,M,80 +,6531,447,6.84
01/01/2015 12:00:00 AM,Eastern,F,0 to 9,6737,358,5.31
01/01/2015 12:00:00 AM,Eastern,F,10 to 19,7952,1322,16.62
01/01/2015 12:00:00 AM,Eastern,F,20 to 29,8462,1602,18.93
01/01/2015 12:00:00 AM,Eastern,F,30 to 39,8719,1005,11.53
01/01/2015 12:00:00 AM,Eastern,F,40 to 49,10251,1036,10.11
01/01/2015 12:00:00 AM,Eastern,F,50 to 59,13960,1294,9.27
01/01/2015 12:00:00 AM,Eastern,F,60 to 69,13210,1332,10.08
01/01/2015 12:00:00 AM,Eastern,F,70 to 79,8042,795,9.89
01/01/2015 12:00:00 AM,Eastern,F,80 +,5818,403,6.93
01/01/2015 12:00:00 AM,Eastern,M,0 to 9,7160,544,7.6
01/01/2015 12:00:00 AM,Eastern,M,10 to 19,8279,1864,22.51
01/01/2015 12:00:00 AM,Eastern,M,20 to 29,8988,1963,21.84
01/01/2015 12:00:00 AM,Eastern,M,30 to 39,8824,804,9.11
01/01/2015 12:00:00 AM,Eastern,M,40 to 49,10357,639,6.17
01/01/2015 12:00:00 AM,Eastern,M,50 to 59,13251,730,5.51
01/01/2015 12:00:00 AM,Eastern,M,60 to 69,13034,704,5.4
01/01/2015 12:00:00 AM,Eastern,M,70 to 79,7277,433,5.95
01/01/2015 12:00:00 AM,Eastern,M,80 +,3520,218,6.19
01/01/2015 12:00:00 AM,Northern,F,0 to 9,7083,349,4.93
01/01/2015 12:00:00 AM,Northern,F,10 to 19,7886,1246,15.8
01/01/2015 12:00:00 AM,Northern,F,20 to 29,8147,1492,18.31
01/01/2015 12:00:00 AM,Northern,F,30 to 39,8877,1188,13.38
01/01/2015 12:00:00 AM,Northern,F,40 to 49,10628,1236,11.63
01/01/2015 12:00:00 AM,Northern,F,50 to 59,12929,1376,10.64
01/01/2015 12:00:00 AM,Northern,F,60 to 69,11698,1275,10.9
01/01/2015 12:00:00 AM,Northern,F,70 to 79,6799,704,10.35
01/01/2015 12:00:00 AM,Northern,F,80 +,5080,388,7.64
01/01/2015 12:00:00 AM,Northern,M,0 to 9,7440,506,6.8
01/01/2015 12:00:00 AM,Northern,M,10 to 19,8338,1772,21.25
01/01/2015 12:00:00 AM,Northern,M,20 to 29,8462,1774,20.96
01/01/2015 12:00:00 AM,Northern,M,30 to 39,8736,776,8.88
01/01/2015 12:00:00 AM,Northern,M,40 to 49,10422,631,6.05
01/01/2015 12:00:00 AM,Northern,M,50 to 59,12613,733,5.81
01/01/2015 12:00:00 AM,Northern,M,60 to 69,11521,621,5.39
01/01/2015 12:00:00 AM,Northern,M,70 to 79,6502,336,5.17
01/01/2015 12:00:00 AM,Northern,M,80 +,3180,178,5.6
01/01/2015 12:00:00 AM,Unknown,F,0 to 9,2934,105,3.58
01/01/2015 12:00:00 AM,Unknown,F,10 to 19,2541,326,12.83
01/01/2015 12:00:00 AM,Unknown,F,20 to 29,6444,888,13.78
01/01/2015 12:00:00 AM,Unknown,F,30 to 39,4616,394,8.54
01/01/2015 12:00:00 AM,Unknown,F,40 to 49,4181,351,8.4
01/01/2015 12:00:00 AM,Unknown,F,50 to 59,4179,389,9.31
01/01/2015 12:00:00 AM,Unknown,F,60 to 69,3396,318,9.36
01/01/2015 12:00:00 AM,Unknown,F,70 to 79,1819,169,9.29
01/01/2015 12:00:00 AM,Unknown,F,80 +,1347,99,7.35
01/01/2015 12:00:00 AM,Unknown,M,0 to 9,2914,152,5.22
01/01/2015 12:00:00 AM,Unknown,M,10 to 19,2552,428,16.77
01/01/2015 12:00:00 AM,Unknown,M,20 to 29,5656,922,16.3
01/01/2015 12:00:00 AM,Unknown,M,30 to 39,4229,277,6.55
01/01/2015 12:00:00 AM,Unknown,M,40 to 49,3964,168,4.24
01/01/2015 12:00:00 AM,Unknown,M,50 to 59,4018,176,4.38
01/01/2015 12:00:00 AM,Unknown,M,60 to 69,3099,136,4.39
01/01/2015 12:00:00 AM,Unknown,M,70 to 79,1662,82,4.93
01/01/2015 12:00:00 AM,Unknown,M,80 +,893,41,4.59
01/01/2015 12:00:00 AM,Western,F,0 to 9,8425,438,5.2
01/01/2015 12:00:00 AM,Western,F,10 to 19,9673,1696,17.53
01/01/2015 12:00:00 AM,Western,F,20 to 29,10352,1948,18.82
01/01/2015 12:00:00 AM,Western,F,30 to 39,10990,1466,13.34
01/01/2015 12:00:00 AM,Western,F,40 to 49,13362,1585,11.86
01/01/2015 12:00:00 AM,Western,F,50 to 59,18325,2051,11.19
01/01/2015 12:00:00 AM,Western,F,60 to 69,16707,1924,11.52
01/01/2015 12:00:00 AM,Western,F,70 to 79,10220,1051,10.28
01/01/2015 12:00:00 AM,Western,F,80 +,7530,614,8.15
01/01/2015 12:00:00 AM,Western,M,0 to 9,8798,604,6.87
01/01/2015 12:00:00 AM,Western,M,10 to 19,10245,2282,22.27
01/01/2015 12:00:00 AM,Western,M,20 to 29,10694,2293,21.44
01/01/2015 12:00:00 AM,Western,M,30 to 39,10523,958,9.1
01/01/2015 12:00:00 AM,Western,M,40 to 49,13009,905,6.96
01/01/2015 12:00:00 AM,Western,M,50 to 59,17700,1087,6.14
01/01/2015 12:00:00 AM,Western,M,60 to 69,16150,988,6.12
01/01/2015 12:00:00 AM,Western,M,70 to 79,9582,604,6.3
01/01/2015 12:00:00 AM,Western,M,80 +,4948,317,6.41
01/01/2016 12:00:00 AM,Central,F,0 to 9,20896,946,4.53
01/01/2016 12:00:00 AM,Central,F,10 to 19,21666,3435,15.85
01/01/2016 12:00:00 AM,Central,F,20 to 29,30153,5459,18.1
01/01/2016 12:00:00 AM,Central,F,30 to 39,32474,4384,13.5
01/01/2016 12:00:00 AM,Central,F,40 to 49,32614,4213,12.92
01/01/2016 12:00:00 AM,Central,F,50 to 59,35379,4760,13.45
01/01/2016 12:00:00 AM,Central,F,60 to 69,27693,3733,13.48
01/01/2016 12:00:00 AM,Central,F,70 to 79,16059,2144,13.35
01/01/2016 12:00:00 AM,Central,F,80 +,10830,1039,9.59
01/01/2016 12:00:00 AM,Central,M,0 to 9,22064,1468,6.65
01/01/2016 12:00:00 AM,Central,M,10 to 19,22606,4760,21.06
01/01/2016 12:00:00 AM,Central,M,20 to 29,30190,6342,21.01
01/01/2016 12:00:00 AM,Central,M,30 to 39,30958,3343,10.8
01/01/2016 12:00:00 AM,Central,M,40 to 49,30774,2302,7.48
01/01/2016 12:00:00 AM,Central,M,50 to 59,34501,2445,7.09
01/01/2016 12:00:00 AM,Central,M,60 to 69,25736,1819,7.07
01/01/2016 12:00:00 AM,Central,M,70 to 79,14115,1029,7.29
01/01/2016 12:00:00 AM,Central,M,80 +,6782,466,6.87
01/01/2016 12:00:00 AM,Eastern,F,0 to 9,6788,342,5.04
01/01/2016 12:00:00 AM,Eastern,F,10 to 19,7847,1237,15.76
01/01/2016 12:00:00 AM,Eastern,F,20 to 29,8610,1664,19.33
01/01/2016 12:00:00 AM,Eastern,F,30 to 39,8809,1084,12.31
01/01/2016 12:00:00 AM,Eastern,F,40 to 49,10056,1024,10.18
01/01/2016 12:00:00 AM,Eastern,F,50 to 59,13702,1300,9.49
01/01/2016 12:00:00 AM,Eastern,F,60 to 69,13365,1355,10.14
01/01/2016 12:00:00 AM,Eastern,F,70 to 79,8449,848,10.04
01/01/2016 12:00:00 AM,Eastern,F,80 +,5942,430,7.24
01/01/2016 12:00:00 AM,Eastern,M,0 to 9,7151,499,6.98
01/01/2016 12:00:00 AM,Eastern,M,10 to 19,8177,1754,21.45
01/01/2016 12:00:00 AM,Eastern,M,20 to 29,9129,2100,23
01/01/2016 12:00:00 AM,Eastern,M,30 to 39,8947,891,9.96
01/01/2016 12:00:00 AM,Eastern,M,40 to 49,10156,648,6.38
01/01/2016 12:00:00 AM,Eastern,M,50 to 59,13087,740,5.65
01/01/2016 12:00:00 AM,Eastern,M,60 to 69,13115,713,5.44
01/01/2016 12:00:00 AM,Eastern,M,70 to 79,7752,466,6.01
01/01/2016 12:00:00 AM,Eastern,M,80 +,3630,224,6.17
01/01/2016 12:00:00 AM,Northern,F,0 to 9,7039,306,4.35
01/01/2016 12:00:00 AM,Northern,F,10 to 19,7898,1228,15.55
01/01/2016 12:00:00 AM,Northern,F,20 to 29,8318,1541,18.53
01/01/2016 12:00:00 AM,Northern,F,30 to 39,8849,1175,13.28
01/01/2016 12:00:00 AM,Northern,F,40 to 49,10571,1282,12.13
01/01/2016 12:00:00 AM,Northern,F,50 to 59,12904,1371,10.62
01/01/2016 12:00:00 AM,Northern,F,60 to 69,11839,1311,11.07
01/01/2016 12:00:00 AM,Northern,F,70 to 79,7215,782,10.84
01/01/2016 12:00:00 AM,Northern,F,80 +,5161,395,7.65
01/01/2016 12:00:00 AM,Northern,M,0 to 9,7353,468,6.36
01/01/2016 12:00:00 AM,Northern,M,10 to 19,8298,1683,20.28
01/01/2016 12:00:00 AM,Northern,M,20 to 29,8739,1894,21.67
01/01/2016 12:00:00 AM,Northern,M,30 to 39,8711,830,9.53
01/01/2016 12:00:00 AM,Northern,M,40 to 49,10396,657,6.32
01/01/2016 12:00:00 AM,Northern,M,50 to 59,12533,718,5.73
01/01/2016 12:00:00 AM,Northern,M,60 to 69,11657,659,5.65
01/01/2016 12:00:00 AM,Northern,M,70 to 79,6976,361,5.17
01/01/2016 12:00:00 AM,Northern,M,80 +,3291,183,5.56
01/01/2016 12:00:00 AM,Unknown,F,0 to 9,2546,89,3.5
01/01/2016 12:00:00 AM,Unknown,F,10 to 19,2072,257,12.4
01/01/2016 12:00:00 AM,Unknown,F,20 to 29,5404,737,13.64
01/01/2016 12:00:00 AM,Unknown,F,30 to 39,4096,366,8.94
01/01/2016 12:00:00 AM,Unknown,F,40 to 49,3730,301,8.07
01/01/2016 12:00:00 AM,Unknown,F,50 to 59,3854,358,9.29
01/01/2016 12:00:00 AM,Unknown,F,60 to 69,3207,317,9.88
01/01/2016 12:00:00 AM,Unknown,F,70 to 79,1879,169,8.99
01/01/2016 12:00:00 AM,Unknown,F,80 +,1307,95,7.27
01/01/2016 12:00:00 AM,Unknown,M,0 to 9,2577,145,5.63
01/01/2016 12:00:00 AM,Unknown,M,10 to 19,2127,331,15.56
01/01/2016 12:00:00 AM,Unknown,M,20 to 29,4752,774,16.29
01/01/2016 12:00:00 AM,Unknown,M,30 to 39,3811,258,6.77
01/01/2016 12:00:00 AM,Unknown,M,40 to 49,3555,154,4.33
01/01/2016 12:00:00 AM,Unknown,M,50 to 59,3695,164,4.44
01/01/2016 12:00:00 AM,Unknown,M,60 to 69,2988,126,4.22
01/01/2016 12:00:00 AM,Unknown,M,70 to 79,1686,87,5.16
01/01/2016 12:00:00 AM,Unknown,M,80 +,915,46,5.03
01/01/2016 12:00:00 AM,Western,F,0 to 9,8489,394,4.64
01/01/2016 12:00:00 AM,Western,F,10 to 19,9656,1673,17.33
01/01/2016 12:00:00 AM,Western,F,20 to 29,10550,2002,18.98
01/01/2016 12:00:00 AM,Western,F,30 to 39,11139,1512,13.57
01/01/2016 12:00:00 AM,Western,F,40 to 49,13250,1604,12.11
01/01/2016 12:00:00 AM,Western,F,50 to 59,18168,2081,11.45
01/01/2016 12:00:00 AM,Western,F,60 to 69,16967,1931,11.38
01/01/2016 12:00:00 AM,Western,F,70 to 79,10957,1185,10.82
01/01/2016 12:00:00 AM,Western,F,80 +,7609,633,8.32
01/01/2016 12:00:00 AM,Western,M,0 to 9,8913,558,6.26
01/01/2016 12:00:00 AM,Western,M,10 to 19,10156,2166,21.33
01/01/2016 12:00:00 AM,Western,M,20 to 29,10933,2445,22.36
01/01/2016 12:00:00 AM,Western,M,30 to 39,10703,1043,9.74
01/01/2016 12:00:00 AM,Western,M,40 to 49,12824,939,7.32
01/01/2016 12:00:00 AM,Western,M,50 to 59,17578,1079,6.14
01/01/2016 12:00:00 AM,Western,M,60 to 69,16381,1013,6.18
01/01/2016 12:00:00 AM,Western,M,70 to 79,10252,682,6.65
01/01/2016 12:00:00 AM,Western,M,80 +,5161,320,6.2
01/01/2017 12:00:00 AM,Central,F,0 to 9,21229,787,3.71
01/01/2017 12:00:00 AM,Central,F,10 to 19,21937,3178,14.49
01/01/2017 12:00:00 AM,Central,F,20 to 29,30800,5454,17.71
01/01/2017 12:00:00 AM,Central,F,30 to 39,33816,4474,13.23
01/01/2017 12:00:00 AM,Central,F,40 to 49,32959,4251,12.9
01/01/2017 12:00:00 AM,Central,F,50 to 59,35639,4732,13.28
01/01/2017 12:00:00 AM,Central,F,60 to 69,28423,3827,13.46
01/01/2017 12:00:00 AM,Central,F,70 to 79,17312,2269,13.11
01/01/2017 12:00:00 AM,Central,F,80 +,11033,1086,9.84
01/01/2017 12:00:00 AM,Central,M,0 to 9,22340,1227,5.49
01/01/2017 12:00:00 AM,Central,M,10 to 19,22831,4480,19.62
01/01/2017 12:00:00 AM,Central,M,20 to 29,30861,6440,20.87
01/01/2017 12:00:00 AM,Central,M,30 to 39,32270,3647,11.3
01/01/2017 12:00:00 AM,Central,M,40 to 49,31342,2339,7.46
01/01/2017 12:00:00 AM,Central,M,50 to 59,34451,2415,7.01
01/01/2017 12:00:00 AM,Central,M,60 to 69,26625,1879,7.06
01/01/2017 12:00:00 AM,Central,M,70 to 79,15288,1104,7.22
01/01/2017 12:00:00 AM,Central,M,80 +,6998,463,6.62
01/01/2017 12:00:00 AM,Eastern,F,0 to 9,6778,271,4
01/01/2017 12:00:00 AM,Eastern,F,10 to 19,7761,1139,14.68
01/01/2017 12:00:00 AM,Eastern,F,20 to 29,8796,1705,19.38
01/01/2017 12:00:00 AM,Eastern,F,30 to 39,8850,1111,12.55
01/01/2017 12:00:00 AM,Eastern,F,40 to 49,10009,1046,10.45
01/01/2017 12:00:00 AM,Eastern,F,50 to 59,13312,1261,9.47
01/01/2017 12:00:00 AM,Eastern,F,60 to 69,13569,1349,9.94
01/01/2017 12:00:00 AM,Eastern,F,70 to 79,8984,909,10.12
01/01/2017 12:00:00 AM,Eastern,F,80 +,6016,453,7.53
01/01/2017 12:00:00 AM,Eastern,M,0 to 9,7023,396,5.64
01/01/2017 12:00:00 AM,Eastern,M,10 to 19,8181,1655,20.23
01/01/2017 12:00:00 AM,Eastern,M,20 to 29,9258,2183,23.58
01/01/2017 12:00:00 AM,Eastern,M,30 to 39,9108,970,10.65
01/01/2017 12:00:00 AM,Eastern,M,40 to 49,10037,659,6.57
01/01/2017 12:00:00 AM,Eastern,M,50 to 59,12883,730,5.67
01/01/2017 12:00:00 AM,Eastern,M,60 to 69,13174,703,5.34
01/01/2017 12:00:00 AM,Eastern,M,70 to 79,8214,490,5.97
01/01/2017 12:00:00 AM,Eastern,M,80 +,3781,231,6.11
01/01/2017 12:00:00 AM,Northern,F,0 to 9,6909,244,3.53
01/01/2017 12:00:00 AM,Northern,F,10 to 19,7971,1147,14.39
01/01/2017 12:00:00 AM,Northern,F,20 to 29,8411,1571,18.68
01/01/2017 12:00:00 AM,Northern,F,30 to 39,8922,1188,13.32
01/01/2017 12:00:00 AM,Northern,F,40 to 49,10466,1279,12.22
01/01/2017 12:00:00 AM,Northern,F,50 to 59,12756,1375,10.78
01/01/2017 12:00:00 AM,Northern,F,60 to 69,12032,1309,10.88
01/01/2017 12:00:00 AM,Northern,F,70 to 79,7789,848,10.89
01/01/2017 12:00:00 AM,Northern,F,80 +,5148,397,7.71
01/01/2017 12:00:00 AM,Northern,M,0 to 9,7303,371,5.08
01/01/2017 12:00:00 AM,Northern,M,10 to 19,8347,1581,18.94
01/01/2017 12:00:00 AM,Northern,M,20 to 29,8905,2001,22.47
01/01/2017 12:00:00 AM,Northern,M,30 to 39,8747,908,10.38
01/01/2017 12:00:00 AM,Northern,M,40 to 49,10358,664,6.41
01/01/2017 12:00:00 AM,Northern,M,50 to 59,12396,704,5.68
01/01/2017 12:00:00 AM,Northern,M,60 to 69,11845,667,5.63
01/01/2017 12:00:00 AM,Northern,M,70 to 79,7359,368,5
01/01/2017 12:00:00 AM,Northern,M,80 +,3460,194,5.61
01/01/2017 12:00:00 AM,Unknown,F,0 to 9,2172,69,3.18
01/01/2017 12:00:00 AM,Unknown,F,10 to 19,1708,209,12.24
01/01/2017 12:00:00 AM,Unknown,F,20 to 29,4386,565,12.88
01/01/2017 12:00:00 AM,Unknown,F,30 to 39,3602,339,9.41
01/01/2017 12:00:00 AM,Unknown,F,40 to 49,3334,254,7.62
01/01/2017 12:00:00 AM,Unknown,F,50 to 59,3482,318,9.13
01/01/2017 12:00:00 AM,Unknown,F,60 to 69,3031,280,9.24
01/01/2017 12:00:00 AM,Unknown,F,70 to 79,1918,168,8.76
01/01/2017 12:00:00 AM,Unknown,F,80 +,1261,105,8.33
01/01/2017 12:00:00 AM,Unknown,M,0 to 9,2220,117,5.27
01/01/2017 12:00:00 AM,Unknown,M,10 to 19,1764,273,15.48
01/01/2017 12:00:00 AM,Unknown,M,20 to 29,3809,629,16.51
01/01/2017 12:00:00 AM,Unknown,M,30 to 39,3447,230,6.67
01/01/2017 12:00:00 AM,Unknown,M,40 to 49,3179,139,4.37
01/01/2017 12:00:00 AM,Unknown,M,50 to 59,3381,153,4.53
01/01/2017 12:00:00 AM,Unknown,M,60 to 69,2814,122,4.34
01/01/2017 12:00:00 AM,Unknown,M,70 to 79,1724,81,4.7
01/01/2017 12:00:00 AM,Unknown,M,80 +,951,43,4.52
01/01/2017 12:00:00 AM,Western,F,0 to 9,8523,319,3.74
01/01/2017 12:00:00 AM,Western,F,10 to 19,9665,1558,16.12
01/01/2017 12:00:00 AM,Western,F,20 to 29,10805,2073,19.19
01/01/2017 12:00:00 AM,Western,F,30 to 39,11306,1520,13.44
01/01/2017 12:00:00 AM,Western,F,40 to 49,13165,1594,12.11
01/01/2017 12:00:00 AM,Western,F,50 to 59,17921,2055,11.47
01/01/2017 12:00:00 AM,Western,F,60 to 69,17310,1925,11.12
01/01/2017 12:00:00 AM,Western,F,70 to 79,11653,1274,10.93
01/01/2017 12:00:00 AM,Western,F,80 +,7745,639,8.25
01/01/2017 12:00:00 AM,Western,M,0 to 9,8955,423,4.72
01/01/2017 12:00:00 AM,Western,M,10 to 19,10147,2026,19.97
01/01/2017 12:00:00 AM,Western,M,20 to 29,11171,2546,22.79
01/01/2017 12:00:00 AM,Western,M,30 to 39,10847,1161,10.7
01/01/2017 12:00:00 AM,Western,M,40 to 49,12697,907,7.14
01/01/2017 12:00:00 AM,Western,M,50 to 59,17255,1081,6.26
01/01/2017 12:00:00 AM,Western,M,60 to 69,16723,991,5.93
01/01/2017 12:00:00 AM,Western,M,70 to 79,10927,728,6.66
01/01/2017 12:00:00 AM,Western,M,80 +,5355,328,6.13
